0,1
478.05614545252047,152.02019874708765
478.9955977508324,209.860709543555
480.91463056684506,957.3330519806062
474.49798340252863,788.1708765042083
477.0993773484298,1615.8082707729416
478.1321372023403,79.25418390525336
477.0773952097411,221.15567684284002
1028.9601938014584,1516.0762001659125
1029.1120958970416,1862.638240792958
1027.3062523392896,797.2389309614524
-1.0009157113190945,2073.6804209405254
1.1691668637103347,1151.1039008844143
1.0128918578376804,888.7379478061986
0.029845426057234614,8.287639652032365
1.4628504362058334,349.7218944387845
1033.8626954037022,1939.897873484526
1028.7451483781206,37.24064871991432
1032.275702951065,375.45450650921197
1030.9190253573875,2015.6030926095136
1032.351806271989,851.134311448019
1034.008626194804,293.98287191431325
1031.622194457287,1178.4249114184606
1032.5015313988476,41.41728419676579
1034.760162547645,662.4542541972476
1896.430806334681,1208.745483211248
1901.504198372834,163.0217837433529
1897.2891677189066,2080.4603459121654
1896.7805449341074,1425.5810123441418
1900.1070379659536,611.0025828470149
1.1340146265675934,159.62308150361295
3.5723581594376164,200.4479458492548
143.64903874188627,833.5899439682591
144.29942492822676,335.9488940109511
144.20022049182094,1321.3178521120249
4.03227990879589,1261.2352372509197
5.440281472826695,1361.458945830502
3.646459881997837,633.6958116469656
597.7057152615246,880.4374174608135
597.4869416717534,801.9710285631121
597.7092067944449,1798.8267657519034
597.1282839718979,1137.4427156524132
595.5038416963614,644.5232568673688
3.4893275929723067,1357.368990482284
6.061723877625697,513.5334040088409
2.449429587851872,1354.184021625331
7.486130004173145,2087.12812807918
6.7362433909917,1974.667270631491
6.681365366301774,426.2931723879416
12.218008692605789,888.0263422585008
8.578570750338777,988.3788000237199
6.585728840885901,61.39369576606867
6.940414249579885,923.8101241247557
11.808463698128602,385.59696046390326
10.391300541250617,1871.4312774125804
10.750933486009764,1526.7361264418287
1507.0816616942625,319.8333504952466
1507.3517648859038,2049.376972181717
145.44981886158413,721.1562754570301
144.42118742037428,1413.2050806303512
144.32515439038926,648.0735481208666
145.15954900190084,1034.7758073950283
1035.1370882341294,42.38312812251874
1034.266271537239,1073.939206886651
1035.3844511358534,777.4862588837324
1039.2298689160455,1684.0575356258232
1033.8950912643036,982.1118983982752
1034.667612401482,1868.4581867958345
11.287049194917154,1589.173553436857
11.421968802510627,425.87782182493373
1538.5932625639398,1267.3014624920474
1538.4734982667023,230.48574364447566
1539.482921202983,790.0899369517814
14.220333663766791,343.1357140804699
10.162673650637752,986.2797826315333
1036.123501146957,52.85680991323816
1036.388879056337,1460.253809431944
1036.8766717461606,1142.200507568694
1036.6013734091434,1929.7215160953992
1036.616761192694,1239.869481452256
146.85322564004753,547.7130583191067
146.0489079732233,1957.6096400232097
148.67753942257028,1807.9826568761991
142.90861567471543,568.6419243667748
147.3548285967931,1797.7758092305512
147.32227050978,306.23370736340894
14.16729845967766,320.7448644807282
11.226875453804224,543.77304468897
1365.6556575687591,800.508918238279
1366.6064587554247,997.0179565653433
1364.9103013390313,857.0330012773836
1364.5582754658355,1936.3951040370666
1362.5642743014012,901.0678684634189
1365.2467464540719,1375.8362907519156
1039.851234829632,471.0339973774748
1043.474287691788,261.3638195086041
1040.5931993724864,130.58033040610445
1037.4907475395828,994.7434290093207
1040.1602877080907,669.9072244802953
1045.7977290505892,1351.0568302561244
1041.1204079236911,982.0966536567221
13.885010705368169,1844.406500974909
13.553082787500388,1418.1499543770567
14.681591039135101,960.9249187978319
15.321559764900893,705.3916797202229
1041.1028567417761,313.94295705910525
1042.4645934551972,301.39630588910273
1043.7816567345526,1122.9402270435235
1043.3479120185625,121.07362566762403
1043.8749901519238,881.398983962244
1042.2489285396966,1946.4841224592858
1043.178612115098,343.3582162567632
1042.8467028072469,986.8766466317451
1043.0163980003406,1099.6831161518999
1039.818136371812,1127.8417063696832
1040.2570908207724,722.2532284560025
1043.6179473675097,790.9796059710199
1043.6549428033397,1031.1754333900974
1045.9597014763476,151.77096279930097
1674.6979660750394,1373.647226267437
15.574124227358586,560.863395552674
15.827738736574327,354.70425101250873
15.300457478291664,1075.970591757662
15.128177644366485,1348.021433797967
15.377515897747712,1416.658036386348
16.058389160279877,1615.9862366213417
14.640195457300292,1785.4526737786218
18.96248086220011,707.002819464219
15.73399298985016,353.709681212169
15.822291709724766,870.3865310800347
1046.6820260514214,854.9118633251478
1046.7572151760653,1965.567473489688
16.35241530956099,1623.2252841267266
17.603781373937956,400.3637028479048
18.079287389462007,1600.8071660339883
15.933587009562425,565.8985490335613
17.02734935503489,725.5069588925712
17.666821097625956,1104.9599085866212
17.84806971216204,1820.3388963991545
18.31471146324756,113.45743811185491
17.102478463321038,1457.5088537537197
1054.8510338639583,367.7751106171207
1050.5014859093758,1966.9995039546793
1048.5914036328325,972.4059779635529
1049.7738340716107,1962.2113380057199
18.932648202176004,1785.2368704481942
1051.238829237746,721.6188327114818
20.87207312435777,1009.2977628683274
23.047283073118656,1715.1547308115712
20.588700634523242,409.00220006955306
22.17177483310342,99.18704447271224
22.11859269380153,993.9366933810855
23.544977264404153,2040.4415587501492
22.031776993235372,2095.4031271971126
22.52541385642596,868.9377483400926
21.88094832473481,929.3898932429062
1052.8501790035364,211.6450633357358
1052.001875260916,1465.0859545988228
1053.6888349855299,343.0601004772848
1053.5871091408223,1098.6817032037502
23.354529780103597,507.69577783446675
22.574423942422662,256.10032216337504
23.01384189974898,1450.9519857496887
22.96346022664886,584.4722800220911
23.82688661368339,1995.8732634183625
22.631519891251273,1098.1201967641573
23.121592750213917,1796.6231662595908
22.768461306595835,1646.4601795967876
24.368732975659782,173.83803928998967
24.169344239937207,1101.0077561814878
22.401097351365607,1478.7429463324997
23.12466452076626,707.6097086072026
25.27136794153749,1003.3383424320436
22.651954215730832,1757.7467963141482
23.67921903590506,1605.318360556076
657.627994069101,507.3723606505442
1841.9400806705266,1040.262263737089
24.861771269259766,493.9941055187473
24.895935191600557,1331.5826382793323
25.300736364267674,994.5211296820182
25.706183335412554,1924.051700331721
24.25380160300086,968.8696121582136
24.61216051309495,978.657882678543
1054.1345976768184,1874.074412177032
1056.0433314671438,1495.798628398279
23.13577196537105,1171.815133907079
25.6418539334873,1250.4909378860436
24.312173664109952,949.506083433023
25.789793557268997,911.3301476289663
25.434221802298197,2102.1528753519324
1052.2381254097577,1383.1571760856432
1054.6120296259141,67.48107971627583
1054.0346042253711,1478.2613021640923
26.77481358423559,1841.8895021911687
25.75258130108235,967.5827689468257
28.000120851520183,1839.1055909590273
1056.0388501424527,786.8270207074221
1056.5708239716223,2048.8534309072315
1051.865163678863,45.69668686807061
1056.080347744146,1055.0232068761397
1061.5525978305202,1258.6515779103227
1056.311928327922,624.2996618049318
1057.8856933702475,394.6299449949358
1055.3103413243189,1057.926406018674
1056.5857182646776,2040.8894130778065
1056.8504316534766,1866.265767984858
1056.5606581100303,1480.1842579147608
1057.316400668347,1090.6942226967308
28.879050380600958,324.18046684858797
30.58266816076799,1394.0797063172656
33.87860779119761,1692.9546844582605
28.231458599318653,451.45940981681076
28.012345345438238,1503.734084658921
36.065515366982034,112.05300184165525
29.962760174526885,1401.8371983289908
31.97774836153465,1196.3874149189585
31.306015209539336,1516.024742681455
31.002159343978995,212.1844385361468
34.26343379864462,773.9962406084658
31.38254839659899,800.1162142977204
31.636272128416348,1623.0055098132361
30.895813576610294,2061.7787430965845
32.620345515302965,1544.2900721950787
406.5025448118198,1191.5150921074421
410.11917569673716,1980.8056803506126
407.7286447537401,498.4387315028391
405.27560100358255,1876.1209720550164
404.7701691028002,1069.876812630575
1760.3614110731107,453.3800104915434
1062.5891991268843,649.2155006433957
1059.950877473285,1301.3253463791846
1064.1956701478318,908.5016118160115
1062.4561192800172,292.8894886893905
1061.7030695980322,2008.9594383962112
1063.1309608258202,894.69560030685
1063.7430384021375,753.9886544958393
1063.0293893318901,765.0070312264846
1391.2201171821507,1695.3486505939143
1390.652478652081,1503.0774948394785
1391.1135274758506,531.9126583698435
1390.3209036006403,732.4375941203253
1389.5204385585869,328.5559306686238
1391.1779603853847,260.70487999115755
1063.66611661663,862.2370439421414
1063.1725635738956,1977.7295487819874
1064.2055222253523,1063.1391883726665
1065.1236627134208,1243.9985691420604
1064.2511413267148,865.9357043735176
29.80037551995812,1623.8228458494398
1064.7836410498123,916.5371933092044
1033.84506678145,316.92126304631296
1033.8451256854653,1733.506232986655
1031.213217197328,648.4020446911509
1065.1639896868119,338.7872301438327
856.9649720668518,1785.2546871728266
34.82807046543956,1102.921680605695
36.71529162641698,343.31281514571657
37.10659849452062,712.6660400180126
37.62439266931202,1131.8551257259348
34.89525690663453,1502.9931681450837
37.54209768672113,2015.4714418883527
36.41941066126945,507.8228508903299
1068.4596882915885,104.8887918225524
1067.5309055232476,695.2734874479332
1066.915517857069,1400.776465356252
1067.740527198919,1686.571629964157
1069.1967933483527,1278.6656170486733
1069.7633688999274,1872.3145164636016
37.708040953265076,343.07508490060536
38.435506025248536,1687.3587776704808
37.77855766777548,1381.216633699092
38.062117235281185,1210.9940759377084
38.32648509744579,365.68727246262387
39.52658091238664,228.3457716728275
36.580234206650594,1179.354405310794
38.614529853114945,1455.0606831025957
38.183683679556495,1423.979803530955
38.338602010055396,1500.3540121323724
39.778488883487036,462.9490226766514
40.700704988263304,944.748383475605
40.52292994570809,1094.7895554602803
39.3754665414975,583.4645238747132
45.950611098866545,988.231989644532
39.07225645584313,1763.2998684049223
39.013005827250886,1845.2533577516658
1072.2163883982228,41.83817220381977
1071.928055575334,295.4862679435922
1071.9106426993114,199.41710281809011
1075.5133161214933,2015.1925995515849
1072.0606430062094,1799.7084658625151
1072.7640052969573,1784.1343433127336
1074.7784211872886,1574.995144952719
41.07348846851352,1106.9644404814064
39.51935671299986,469.44875060615357
43.61397833441182,684.5560211951308
2029.932158188073,380.16053528914404
2029.6433251484596,489.19501021333417
2029.1002666560705,1909.4676277796566
2027.6089854679606,735.9746199456328
1571.9855935918288,1250.4699242812576
1570.2379464454891,1636.847338018136
1571.7212601983747,1627.0998020932893
1570.8382119845226,749.454189752595
1571.2263873549016,1790.701881816173
1074.5368577662973,431.0065924231229
1073.6720789014053,323.6882148267238
1073.2606703382824,216.04706028697052
1073.7744639156842,481.09837273014
1074.5756846078655,326.6155103073475
1073.2652442353558,2032.237420992015
1075.12064683556,878.6269994346316
1072.8076056483774,626.929819144467
1072.1576658685399,221.2215134183636
1074.0584983309611,935.1643113985191
1073.298666846103,158.48397510586977
1071.5364131644328,1211.8548461868422
857.9413339152385,2016.8196304343157
1076.3117384657746,1959.9569701870007
1075.3285003114206,1132.8162974552054
44.229236721428315,571.2341298149599
42.35109731485466,1776.2059064458779
1073.552470621663,1942.5415458804387
1076.0981987959544,1891.683045840385
1075.7765123175984,716.7514009750217
43.6608547888915,954.8995581190615
42.96223359934707,814.3187960010696
43.19759396377166,1710.4804977848235
46.00013916576833,1119.4675222417372
1079.0836491546222,670.9728432692276
1077.914990059358,626.9445855577079
1079.4313013278363,1276.8991996028517
1080.3657468911,66.9242710302738
1078.9841568372424,648.7977207317327
47.226732004437935,1444.5835785680574
43.363528886220315,393.0758754734509
47.97461895597121,572.1382384832167
1079.0421677695906,2043.7088059253904
1080.1839788218854,726.9316656182751
1083.6418623796553,1152.9483576874466
49.54056721645233,1982.4400652669603
47.556838290099066,1954.41755367928
1081.9739881240648,894.0482654028567
1081.9733272213005,1465.7480208734291
46.84537645027124,1071.027219056468
47.96785164800634,1625.2266905806175
48.44081815168287,1189.4804855822856
48.00318674113931,428.041079428794
1085.4774768163313,370.22208526838756
1204.9571556923493,48.9793501550366
1204.510149899519,1807.4667438563213
1205.9379688425931,365.8830189769156
53.46795663500625,1355.4259378818538
51.53892949333203,598.9225587125452
52.84890213043464,853.5519445674959
52.38044230185746,2054.0355084733733
54.539640236572325,1207.723831023597
1086.157329125431,1438.4388100436372
1087.8365868875962,775.82656258766
1087.5502347293818,1900.7850804242485
1087.6037934912376,2005.883451507828
1087.2199082026414,2015.9588765778415
1761.8332703405258,1764.930025350493
1759.988458518631,1098.6482178314193
1090.5279572777506,279.21390357549694
154.16696916029386,1923.112031236139
155.19596694323167,617.5323419314311
156.70019468348585,720.750956163821
154.4161836878305,995.6415930607404
155.19059889953306,1354.0174964427738
154.9200547338698,655.3976203308504
155.0731705913565,1520.9943326428656
153.6390040587012,1610.883104415955
155.24284602716097,1098.8172121364294
155.41582176698986,153.62405866748625
154.61119546862494,471.11548435309106
152.83952166322456,1554.6546423714008
1092.217534059849,1092.4733594186982
1092.7402907329913,1260.9497320755004
1092.5635281000034,276.3965553643886
1091.2979532181757,1043.8860124651935
861.1049261495657,973.1452138265464
1576.18353313996,1262.4877416768834
1578.1799368530944,795.9349881834727
1995.6848046066787,1603.4142277721219
1997.4426687568948,505.1798174525977
1996.961096909989,256.2526131375146
1995.5481980775683,1450.7540025515395
1997.5415013766774,583.9891597586453
1997.8567419223555,1096.7234296671727
1997.86504052224,1796.3154136359806
1998.099554967795,705.1464004839926
1997.0970533154655,1103.3791801551358
1997.763660730619,248.28027977724338
1997.2154927835932,1479.3023761051224
1997.6897495792039,1844.2052670149155
1997.1456367846083,1751.169951947027
1996.293420638347,1003.7308362066208
1765.491131511687,2088.2601355328607
1766.7629244082377,36.08973680568697
1093.0581264524976,1535.0879928401598
1096.1060249129125,1712.0569584441203
988.5054388276286,530.2532922916007
1097.0038497841815,231.24828661818268
1097.2307279095385,1527.5146897829688
1096.7209157503992,762.0141548303391
1094.8437810412106,1789.9965060852944
1097.4369971679832,1678.7747471531027
1099.229529570055,968.5011187789328
1092.2386180889953,882.8725467421114
1098.8885806575663,1389.7866843785982
1098.3396532341826,248.068912168198
1098.2940042471746,261.10575599388113
1098.05150773824,1809.0207847417016
1098.3659699007126,1693.521045970013
1098.4083300053182,157.02895863664077
1097.630680301775,1951.6492957013502
1097.6059045833406,746.2124900678145
1097.932439195842,2022.9872050679273
1098.2580324473158,501.3425009046699
1097.5209795652643,567.5974151396048
1098.5366826656614,1605.384136613867
1098.483591983844,1451.6626272592005
1098.1311257178563,556.9108994620292
1098.0876916029779,1529.8094180606163
1097.1341590382983,1424.8926004951672
1099.2296318340414,1183.4236827183345
1099.7941527927449,345.0021393002702
1097.5092563781645,1478.1730071524364
1097.8744713357394,1560.4079467479896
1097.48447729034,1754.5402494789498
1099.4731257583792,1004.3370156718471
1579.8463166792196,235.3464661985641
1578.1362808766248,1906.520595639054
1757.6415754173308,1620.8317374002354
1759.754054378914,870.7126758476148
1393.4802723265207,338.6141497754806
1392.5021466820617,1165.7275479771677
1099.334685490212,1747.1799101971296
1098.7275872960395,407.0689582139214
1099.4243868538642,465.96577681727905
1099.7489348436493,618.7114798031384
1099.086729005406,675.6127384227109
1099.4134381986396,1201.286249103143
1098.1442366843812,1878.1200782876772
1099.4760835338263,806.0255822219652
1100.7187645018562,92.64457233823019
1097.6053506677183,1505.6253269974734
53.83506720808186,768.4436184834735
55.85053847091118,81.72926413612376
1099.2642637851286,505.2921436744366
1100.5774078149323,1602.1096660810258
1104.4005498673064,1845.892765765119
1101.097738033585,1450.902600635499
1101.6261029578473,344.3719829841057
1101.068216449684,1318.324867878603
1100.7414118909235,171.29827454829712
1100.579379785397,249.72479370624302
1101.8793769509246,2009.8039249432206
1101.0399808063953,1480.6411052479905
1103.0154731994603,1758.1728484025693
1209.3170439786888,930.0624567325892
54.9884371994078,1148.144443488357
55.96552946836507,535.9198463944613
53.89417853185504,1779.7011258618875
57.310618077740244,612.9020461688606
54.6577951164641,1883.2373630372672
53.441176897650784,815.4248011566335
1103.0555093913451,307.24110162199423
1101.336667694456,344.31779183616084
1100.9986928925236,587.7032609774284
1101.6998305648915,1796.3312065251243
1103.4582040396228,1179.6349435570132
55.54709727323314,1401.6611127815686
54.217690453566604,1971.192361120214
1769.4211028897214,982.0051091007504
1768.4757806043324,1239.229131263901
1769.1183440317313,492.0030068005663
1101.9191293872893,307.3391078175235
1103.548244325135,339.8429275525913
1104.5384724899413,714.3970330741179
1101.876777579678,877.1238518110192
1103.296542915451,513.4913444344697
1103.4032486806232,669.2916275582924
1104.8867334758697,391.8901251750677
1104.3694129453443,363.3598940316985
1104.3572624684184,1086.778554401375
1105.1124467662685,950.547389137532
56.77972703029889,1488.8538997556461
57.19692914390239,533.8206373622442
1104.4322964332696,1255.2255084526378
1106.6334467190984,846.2444079629859
1105.3962099308435,1739.788844210649
1104.4315194440815,645.6927633229593
1107.4206528324876,1513.6428335665842
1107.246439146398,901.3668662640346
1108.2133306945414,32.207527841837106
58.087253847623124,1784.5162194202778
159.94514985290206,2043.1190337286214
160.92124743372136,115.11445701956916
159.51556807191886,1663.937963113958
160.0838847110743,1672.3110545205025
159.74492891009467,510.7337011299047
159.74382741277597,1779.091944814416
160.20339458870276,721.9025396882362
160.81920101675112,1975.471032243352
159.35767787990116,726.2290424575472
160.77211611736575,1855.0972498832516
159.3002618660462,1752.8498944351286
161.5601867370288,1725.4649453510192
58.65741777507722,1775.7071134916932
58.21641039112171,1963.4717193202787
56.45853896408031,1608.072499284135
58.70842766245817,279.72833224911363
1106.0499759030197,1237.6119805222702
1110.3012731817248,946.6109525268276
1214.019438211802,531.2405661305546
60.698421853358,448.0535477859105
1110.6995669565792,1536.6131773977527
322.929955468093,1331.8864221201065
323.146924041131,1549.2194050268672
323.5693517297662,119.50646831750933
61.99505813002331,1652.711923377095
1108.7189165905397,1909.4983553559073
1112.3774018424815,1722.2742886480921
61.305888906240746,569.5788057166014
63.86423838163438,491.14169303825236
1210.3265366266712,460.47139057423203
1214.3244463526523,2013.9830187677796
1213.431263058591,1383.5002263679344
1212.8677578990714,1642.3535825518356
1212.6411147823828,335.9292556239595
1210.5398459078071,548.1405903660759
63.96018347670126,2057.558191201403
63.81198757115678,390.3412724243662
63.03264778658611,296.56885063912836
63.00561951968493,1690.021122172143
63.09313770007916,495.8247916138465
63.965467614534475,1958.7840634976947
65.40586429790488,602.0572138467048
66.47428427998949,407.6762756992467
66.64748946409087,862.7225868774497
65.37895951616339,2013.4413877465663
64.19388034755907,237.72277833041005
324.5150826855733,1269.163662259557
67.45879756167463,672.3596227048866
67.31068306981827,20.00964479867455
68.78959092950132,649.8745143811524
67.7797555606205,422.0931077684341
68.4387565455117,37.35986918697756
67.07870742571525,817.8331321596099
69.59409585954702,626.9802603626656
66.77627188750098,2000.5113456243137
67.19223447286772,528.2876598762222
65.48570904087633,1236.7805075558974
68.34943048984135,377.999120872124
1114.1150406525787,1296.6443632603318
1111.5927778921205,1920.9093495165293
1537.68949436359,739.0008066665252
1539.7170909369304,1362.1378326915556
2085.6382884531326,1423.6884727306544
1115.6828851665164,920.6433774854416
1117.911417788803,582.4801480564216
1714.0337041237547,1275.7954291268668
1116.407490831237,1049.2426171737118
1117.1657197965862,1274.7087047947962
1115.6544214222245,383.62261668210397
1115.307003373473,1640.4995141201853
1116.3326968647493,1400.3118103821778
68.12511947600291,2057.7375911358868
67.98674828147237,652.882339119036
69.54118797325584,2103.2007533810515
72.80710298369212,1830.863287109321
69.9785869178799,1661.0552313405644
71.58915764621477,284.75886728116035
71.57656874495297,1007.4504869563933
1119.9013086849936,1444.9577156212629
1117.805499781939,387.9248710953239
1118.0913484882967,1789.3227456976247
1118.557178175285,1328.754853066605
1120.6686540615976,382.92557160823145
1120.7325233389986,455.3847871722204
1118.819218917588,1429.707099699285
71.48705979276134,277.2928528608125
72.65847148447801,343.09900864251443
71.00517860056055,1266.1782765778107
1695.2080064758372,653.3850462829894
1693.9249045659062,88.30244467920406
75.42170413466893,340.3538548077948
1781.1800615445934,377.77438849063594
1121.8860667338342,1272.4795649373332
1400.3609574010407,1505.774718168274
1401.1314712664532,1794.578740239637
1120.5656775292296,464.20363549411366
1125.331823083863,1641.0420178285137
1125.2475405849684,350.09585577553327
1124.330910493558,256.69672340676016
1039.0173296699506,1007.9295945545966
77.04942148740139,655.2374431504027
74.6969355196771,749.5142939202192
74.17666809442501,371.80218087105317
72.69017586801463,1631.622877906928
1127.8461453805892,1859.040663441741
677.245383206117,941.8258393369964
674.7081042099188,944.5955049124026
677.6486924000682,277.78695675349127
676.5148979755422,318.5091875303934
676.8697732782592,1651.1716486684243
676.8491809713747,344.0069419202165
677.5517637397276,798.5638061189666
675.4725838606696,1132.1882497802476
1129.0084138208333,1974.0563399161092
1620.112353105255,1734.260460214677
1618.7174338173768,646.1928316889087
75.44948783218253,802.6210629501865
75.8563181895272,771.7574334400405
1131.7466454041298,1416.3787457202618
1130.5614096867523,168.23159602020192
1131.1616256540676,624.649724463421
1130.346616631555,272.9105874055745
1131.9632973662478,1722.9851028959467
1130.8101113924758,1574.9487748435915
1130.8408015031998,1109.4287672051066
1130.5795365275953,328.9924613968008
1130.3169908380962,801.4281276523056
1131.6711673345817,641.8429071191391
77.73211878886073,1423.244585530707
79.29359801845766,171.13610555315103
78.3387820881033,462.32372276463434
79.42502707385712,802.2032952090284
77.94708160715471,1785.5483140146123
80.14135335292598,1960.1585429496556
82.44627308744262,342.7433842117115
80.46077749841375,1313.8977186349236
81.51606966656038,192.86860950615
81.82274289271045,219.21940940721143
84.0461306668613,1814.2865053961643
81.38650804388321,1617.8195941625283
82.36008546206136,318.81928880390086
81.23260982931947,1731.556842018714
82.94438142943434,447.5056077514871
80.85776119267575,192.97656357577202
1135.8088834937887,1408.4818526488348
1136.8076295296266,1655.1300714902839
84.30030845925099,1799.8465922660903
84.50382953466062,1787.4858258020347
1142.2123825316282,1752.1849643402625
1137.5761916171,944.9159408979126
1138.8602113928494,854.0239366969099
86.88757842274536,1758.7054391047652
1413.7422560237806,803.3889491144328
1405.4671619121295,501.4349912716397
1403.8239667790701,1160.6107199921605
90.92547027260905,361.84280288525065
87.34125511980716,285.8350114693341
87.91576629393461,2054.2371524447194
86.68760994797692,1954.5239507163187
87.27742151056742,713.5930893252439
87.84999291004581,1330.2807316680123
1139.3859544698876,2088.566339174134
1138.6355252346063,379.36834825934136
1138.219647965079,470.07320226344183
1137.9252953653909,34.350401137252376
87.66079779835671,128.76978839439195
86.94400547212528,518.2124947121359
89.1573973776413,1449.2160952909226
89.35312936242074,855.5306537702064
1582.7180457843021,2058.4277574326943
1578.9881858209008,212.81332263516202
1772.7736427544153,839.4360442236618
1773.3706250862167,1425.5388194496443
1772.642627243624,247.33279865479417
1772.6813148612441,157.25141525309562
1773.3080292261857,686.6463123401618
1771.0574286542703,344.3505866210971
1772.7763602514926,1473.5207588666697
1772.7359595012351,1429.3886787075744
873.024088563682,2037.2933772262352
88.14806436630145,957.9041436163429
92.65217298935099,1459.304157703873
1138.9629216276207,540.2131880253066
1142.6308927580621,1076.5051383620855
1142.2704800823215,1929.6295633596649
1139.5665004109946,128.36013743570075
90.80403989059481,253.47516239788962
90.70975599216214,1283.547449945662
93.3585196065804,155.73073221877092
91.63761269304563,1454.9215256846928
93.32384182043228,1711.1332475674346
92.90062596930386,936.5579315774212
93.47731466230866,1964.2333135670012
96.11206815045111,431.35557258081224
94.45313589848834,1322.9787191820149
96.75784115415956,1233.8356632286077
90.62441554641663,261.1253994128752
1147.4845244188716,1434.2748144546485
1144.9705878641757,1919.1579415060198
1148.3043795416984,1404.861503318345
1143.1035300884425,730.9049914193688
96.06320390332499,532.7149613662915
97.53205770868583,1616.166856338761
97.7844012105805,1187.696840485024
95.99457819555458,448.11248154706243
95.49031843419156,669.0200321216306
100.15566561997576,1112.553279230832
96.71443094893827,386.83241352434845
96.84186695346015,1604.373974410304
96.21389610294355,540.6666854672534
1767.0740159419743,392.81398720995435
1766.6229865492462,1059.4596507522763
1768.3959900045443,2040.863725412226
1147.5628498505932,104.6444117970877
1144.4216350671848,421.50663228932353
1143.221354536515,1634.7842079668262
1145.9065658578186,1726.2832394782902
1769.0255521843226,230.04565965463445
1764.9236950476306,1431.0632021148338
1768.763933992725,1931.8428625206795
1770.5556305463674,1979.2166660084317
1144.4149986354007,488.15432401429985
1143.1888647444484,461.9604142182781
1146.2734220359223,719.2119211975815
1142.6093508311526,743.1368941210837
1143.1391402364668,365.5953854983913
1144.9169938091961,1964.0881916369735
96.09169994284734,858.4008019702072
99.31588280464409,1004.5205581294776
99.060393003373,2040.9164893404452
1042.3569535163683,1501.5556571299408
1864.2773490779257,2086.2908089754214
1864.8775833385012,216.6914502199133
98.94577014837914,881.9121026793989
100.23539705767426,1520.5434621951804
102.26704954815791,209.3728291958078
1142.9307371918412,520.4246611671999
1146.8518692592588,309.6231945057969
1147.6458084410533,1634.041004844804
503.0150310999786,2054.806388999661
501.53788736721646,1441.269111618272
500.64567298797857,636.5854889449881
499.2411148032638,663.9979681393897
500.8163115106071,1552.5072070780975
498.66219868376083,113.2233966660212
499.01741764620766,957.2531911707732
498.0595005894876,1193.9243903390382
498.5782890778001,1716.4376385027695
499.4394842272357,980.1577612330461
495.1603991548113,123.2977450672535
1148.0587730437967,394.7652548228172
1148.9620974328325,152.65895670694158
1151.1724181131212,717.4471408194432
1149.5879369468605,1741.0701633401645
1149.5670327888536,1924.7512004601888
1148.9862747594946,1495.9408618853042
100.43350344213647,826.4287531771704
100.1876859436854,35.39377945615248
98.7303961033571,1829.628461335038
99.80529946731197,21.079003106461133
103.54334586696453,813.2826700381174
99.59226280976173,1355.847454825074
103.65419161952187,821.8358906872425
1150.9584983954828,679.5624427255059
1147.5082003506243,432.9676416249343
1584.50740884354,1666.0756432675148
1079.0222324270992,1193.762399871564
1083.8554020767906,276.45634448326257
1083.6524076867568,1378.9554272647601
1084.2967459891972,845.1614266047097
1083.8234525306111,343.38004422942873
1082.6984732229107,1132.844208397073
1959.988073337132,202.7537304860919
1961.0313069653944,921.0662602124132
1957.6827261514304,1500.00169861757
1153.384069169674,1491.2531026677998
1147.6624147726452,257.2172620547226
105.12606420729627,650.9453437035143
104.99316640295835,422.5255482203846
1178.8808004251227,1667.0805989898959
1179.922808605913,2100.9791144849764
107.31449873272949,104.93562002576596
107.8675963659555,283.68393479654634
103.89581325131428,343.1833270354756
108.36838918874774,1186.3599723339214
107.03695967568916,986.7119536240147
1153.4163140338214,1785.517653847148
108.33024142878062,742.95367193027
110.00371913405017,180.96409535392036
108.92437877166319,800.2804748548726
1156.388106926965,172.50007805047855
162.99098507328597,240.7226508854945
163.2414473545612,1595.1079167351832
165.21950636920937,2036.9779281518738
110.92284802475031,160.62057385511926
110.57654425435537,1592.482050314344
112.29939911781973,916.4018004591846
113.72731045946371,198.72231192164386
112.25100730395047,1771.3081825892189
112.51669191420562,139.96472248615123
112.77605600442119,1221.145758454967
115.38262568374748,856.2831753775389
112.73981529151105,1210.1107255858262
112.26471083164991,719.8465386062173
112.39542657407128,1024.7229370107386
1160.5545355542736,468.5025409006248
1158.1652742235267,1982.0234019754757
1159.4327397093946,631.4625508156101
1159.3712277826817,1954.2136072675228
1159.1983977916052,834.3741867925987
113.25913480392437,117.76478347672513
113.48030541626507,912.7544463109564
114.85865118177215,1948.860702698823
112.23855325608204,275.49485318144184
112.61916798819136,939.4638596063828
114.81749684401254,1653.2741531361555
112.9758288128642,401.0328259666052
114.2056104397023,1462.796555632942
116.88018152985465,608.7438535368431
114.21549970763904,451.425023620767
113.03303549792248,1523.5418854815
114.96849263694673,1093.8346376247464
116.45450628144422,667.0105960079441
114.10181730619692,1112.837807802946
113.87582691852994,1739.9617935916117
113.07806770985803,388.62437409919943
115.13595298646837,1603.2155880075072
114.00206980596958,1390.4650251042867
115.24566834729954,1347.338947751161
114.41269282872847,219.94581797094503
115.05936135554975,1505.9547963583384
114.33447859062991,323.4092563250206
111.78316050930599,2041.0545449489102
114.38137140753807,483.299356520065
114.60713274678147,326.55367322751385
116.10670068912667,586.7524986312654
118.28391526674869,471.9442707939406
878.1207493987979,1072.1046536316192
877.7401196331472,1741.645923819151
876.2849360027977,1093.1559337337528
880.3660378782527,521.3372721595858
878.0515725369398,148.6033996113667
878.6444928574157,1315.1437464779074
877.6539316575373,365.16891561792227
877.141494813854,1902.3051712631584
878.1345651660131,405.78621586286056
878.3418693559452,1569.6850284672769
878.1132528690669,2051.3933898687433
879.0879920429713,1943.2942711865383
878.4179921883891,930.7136542735767
877.4118436249269,1193.4647115981502
878.1784959535829,1787.06797912198
878.8568846759334,636.034631210839
878.0020604975006,284.6197042773804
876.0769316873229,1471.6837887425181
877.2717229913075,1389.3545147285067
877.3869041768759,1352.0287167103265
878.6912892119944,574.6384706728899
880.6808988705752,536.4737736875355
878.5054383533248,512.9860956051562
878.7398586727408,751.2925105588553
877.4613541966818,379.52115865888015
880.4284549216158,396.21506583420734
1161.2076599768657,1980.7008491529136
115.53458402564009,344.8081150164125
120.34277118863722,2083.830417594208
116.060347053064,1026.0782600275652
117.2967872778754,915.4235678179691
118.86425533245804,1838.0918244762966
1224.4182031974287,293.8536564510571
1159.5698824035458,1371.7722116082082
1164.7361574673644,657.2929702977391
1162.3363780501757,239.93284315803416
1164.3192362899008,1295.0524501772643
1164.3576148572806,139.5849326298902
1165.903061843015,1499.7195508043094
1163.081463301764,1429.6676569260117
1163.2572258994933,524.9649938122855
1163.042196702156,437.54646090518867
1164.77323198281,1578.3962638547175
1164.0674587769624,2088.014269813882
1166.0339377882337,1667.0640896071407
1165.517226178071,1012.487836434054
1048.7738393132336,1930.880417358726
1047.2337897884322,687.3331589294804
1048.4167759448248,1640.1172382303116
1047.87895399665,276.3936152005598
1046.693687822902,1215.215476570156
1163.0456183678386,1353.4151675088767
1165.6035195432173,683.3622175924971
1166.0449974172245,438.2352340413857
119.44624967375037,1509.4825960605142
120.7217224358796,751.0630578520719
120.29529554139235,385.75864751824855
123.65541781155456,464.2166379521799
1166.4214106991549,1699.1351208445292
1168.1788659076142,469.9427119130563
1173.6115012003002,1564.9826835768724
122.06967182812582,162.44505379062974
122.71568795808271,855.351298841938
122.96121453788356,1210.3198964704002
123.76144949699918,1771.283578061389
123.10743729310191,1193.0322895792594
123.82328727451785,417.23206337212093
123.80495415921064,1367.0648136183024
124.73437751354679,141.665497976753
124.26508743966804,850.9896331465727
125.20157957858594,1528.2728611202006
124.6558386265462,814.2600939437998
127.39636790578294,1370.3597400557892
1169.1731589145832,1780.7900965664053
1171.4513149684583,652.5952421356222
1171.5662584825345,1012.0885479966681
1172.0494911739495,1498.5189720929122
1172.9836185611605,1526.4452837662386
126.7717920907022,1076.7273867424412
128.71047661555417,361.5649648871807
127.73887036132312,604.7431476306898
128.06966882062002,1896.1459572179267
127.63434803176177,1090.9679992136087
126.20616543926994,186.37180800468607
127.8620623220784,597.672475846918
127.92360270888065,1898.2599911657867
1174.5100086964846,1005.8190061829762
1177.5265530566792,2073.365582889577
1179.4674027867447,823.8951787125795
1177.4043105032083,1950.659520931409
1411.88526007355,2067.0647367189995
283.7119249214571,1913.1410228016982
280.6400232484961,281.30976328852006
285.7430206159077,2047.1657677624562
284.3721539051791,2058.7520679537356
284.5746182280089,737.3185308136766
285.1362683999664,1006.9525471022049
285.85854341378484,366.6023683485628
284.7660391401129,971.748957479922
286.7144690815305,738.915254660687
283.4300978335797,845.4648831164658
285.8988462836277,328.0742944252923
285.8059191317009,2108.111169737705
286.0629316628062,828.4478905571865
286.6663596306035,1449.8160421722082
286.9002880599262,1984.6879705200904
1178.2064395536656,769.933395623792
1178.9487465924415,706.8662579302878
1176.693507444499,496.76545729253553
1179.951239131732,1277.269215508084
1178.6591116814602,363.98187007419193
1179.3449167472036,417.66631255621996
1179.9213099153399,1393.807933487805
1178.0480592258182,1688.7125721530044
1178.0640416210933,1741.8069761883376
1179.6854020655478,155.9048105120886
1180.269201810323,1435.8996692360731
1177.7235884827107,1704.0607799717313
1180.7092635822614,992.5365247453122
1179.7090513176367,1304.8773948709659
1180.082183737353,761.4509350295764
1177.2872018062587,242.88489138943402
1179.4921569510054,712.8439760416505
1179.2801540324335,1196.2591403519775
1178.858042100987,143.32806140296262
1180.7700553098853,1502.7394503294934
1178.604901178479,167.70311446700921
1180.0113227589738,1424.0599079303772
1178.8790744421594,245.94299272997876
1179.1283093573056,441.087038320655
1177.812965377888,1759.295827876167
1177.7675245305197,1706.9092617393533
132.1534946211167,920.7898955266953
132.4708779018578,1017.1132480492668
1784.584246639905,1152.39912147184
132.59678944450033,272.674217358408
130.900834727418,71.74089137921226
1181.1116072523453,241.32470133876203
1180.8849018550172,1004.7879543832645
1180.8923820311531,1394.367449351072
1178.746200384732,1030.464803923116
1181.6236675112327,925.2276374245765
1180.8937039434118,1194.9508274634213
1181.5668150734514,1526.6409313026606
1181.3988001669052,657.8257533410259
1180.1527900665087,862.5618180376167
1184.4366435649931,276.8794763442077
1181.787199613913,584.4694569678273
1183.5404743668412,1561.5670152459898
1185.0790299035948,343.0091883886162
1184.8996505139392,510.0975686260337
1182.3673758391283,2033.7953707795302
1186.5682008655513,512.6886906558664
1185.6096198765692,709.4520557573618
1186.9674147753574,391.67748344000495
1185.94863655614,857.7550417976264
1752.1844864013258,1499.834046510833
1688.4824653395974,276.46490568514884
1688.2311889226398,681.6773094742342
1688.1199161558372,1379.7263062845389
1688.866154937699,1002.3107563611939
1686.7942027380384,800.3561250312513
1689.1330350887602,339.87528637983195
1188.439186507502,542.5078533015304
1189.4826516705311,1536.6072909576985
1186.4399296147744,448.1161030762356
1187.968767320436,847.0725288448313
1799.9137523457207,1595.9809434689657
1797.0825217775148,1565.3286938872395
1800.953333684124,985.3965495198808
1189.8938455274495,2057.955795643437
1192.0326830223974,552.4090725689903
1189.5836441433564,522.1277578406282
1191.5296049991343,1876.9192703371684
1190.1619576478902,2009.4674784447297
1188.9798062655934,198.74379342414852
1189.2360029989852,207.56742389963387
1189.382943825218,1358.0123296010581
1190.962308134764,292.66250834904963
1190.4004593136842,1545.2844092798737
1191.4420531295282,1960.9240280254653
1191.1861137939977,660.9337285373293
1190.2776929930335,257.9978563207683
174.4924187424133,1526.78868392597
1412.0920179276236,1547.7967265618681
1412.5949207969065,728.1962085050185
1413.39987727731,595.773757065895
1413.9381270575896,519.916362629135
136.05610460126857,526.1023764868389
134.94623206340682,1577.151023829572
141.7013252516889,1526.6272552522153
135.32935730780235,1385.7264793497818
136.54462613704567,1013.6713981909805
1189.5256776991066,1586.8321504626172
137.5995116893307,1287.1762124867407
139.0267857573522,1242.3118253865841
136.75793603139704,178.95803142031897
1193.2406806786878,547.4851249632617
1192.8943958430093,1699.0828969731574
1191.556846493269,1712.8903608656983
1195.8331296009162,522.1159067557506
1193.7879119471338,1219.9835087918132
1194.4061904910359,1025.3757098926883
1193.8527949847878,470.0943440031347
1194.0495369690325,378.11883659212265
1193.613244404502,201.7074318196745
1192.5761320943332,663.062473651308
1191.393890160802,1788.3930027471617
1194.394088969592,398.6393272754509
137.14361970889112,393.80592847674035
139.04024232905456,1267.9204219507524
1788.9523875035104,586.3730598164208
334.95575954274557,1353.1350738815315
331.97022006884754,1732.7991687223928
334.07085933993613,494.36097154313455
1589.260043107376,742.5572673000406
1193.7026243681398,649.76818047247
1193.0214778510021,344.01317384952233
139.28684008263232,992.5249234598289
140.78680034215418,2056.4198954907765
141.0636593192002,2046.8025209838195
139.87352347085437,1780.0816014375998
140.7498820785628,2102.2986291335083
142.39506623382283,1508.4374247261374
141.4966554435827,2025.6883501463922
141.83216897789862,709.7299466769782
140.65666051054922,1703.846299659524
143.10716627320159,1889.3017975942623
142.28442021452335,849.4707812297979
147.72481186753362,1943.7758188164676
1194.8223817625124,1509.3021654256522
1192.5170071309888,1632.4429482823239
1195.3297733376742,715.1908202979065
1195.6931304232914,1997.6418415205915
1194.835104215751,1456.8389563713085
1197.0843896228857,1134.7918869906691
143.47557328588059,1624.4429307256162
1196.0029544350805,267.2736896593023
1197.4652797261015,1778.8311169906979
1198.9500021148701,1912.8429695175573
1197.76193457272,1923.8636142409453
1198.316190342101,169.23155820568138
1197.0877776532627,1198.1356351207382
150.59598946838415,718.5859885962885
146.8236885968166,1245.6890724456266
151.18258043339685,1318.9199115066972
513.3721360343964,709.8927429659927
1201.2141368748917,930.086047851059
694.0300734037901,1785.8086685963492
338.2453207712116,1929.9424711145455
340.6724252590424,2012.6980677972183
337.3194389017425,1384.2113029570053
337.7432316461289,893.8536932102691
1198.9163929880258,277.0763171567226
1202.8279661615384,1230.1206292516438
1200.414822507735,1921.6153097159452
2019.3784883501457,443.6779610589111
2020.6612736760376,1495.096801561178
1792.1053363221915,881.2766322024313
1790.7834857047026,918.9098295494089
1201.877047134157,1204.7201143082696
1201.8544377765606,1826.6669351102494
148.54990539636452,431.51425184339234
150.8066423163447,321.79410467764984
149.21540612725454,216.51604980115525
149.86491656895882,482.6633499014682
147.75966096081322,325.8714847914726
150.04079463049007,2031.9276393580037
150.2804673267912,627.0458582926472
154.79179243002216,220.7061006721686
150.6138554870261,933.1507325955894
149.50672679174946,157.1397561458834
149.45671529458576,1212.5484273035004
1590.8540451588726,1306.8901244748574
1591.3293815347427,1042.3611681657387
1589.621081303854,1785.1342600192986
1592.062222824424,947.1682186573642
150.97481303164253,710.1074073939308
151.06121726272872,938.3450990503799
151.56498777477844,268.45496990747415
154.05287994298857,960.3779119124149
155.55723228664874,1664.2593252779639
154.55799443345379,166.67858620938253
152.342892668518,1646.9198610123253
152.44859229005343,733.7497131653862
152.65001599775374,995.8493677916623
153.5068642951429,632.2868621327086
149.25447708544627,783.6606055453486
154.64522622024313,1671.4939609858043
155.18203179098475,1612.7745082803567
154.21889156380914,193.8984964802419
154.608908540667,784.8110408871839
151.59035411601747,1854.4318993843328
1206.0409484859,179.24347351503224
1204.974441622191,985.633975357276
1204.1998164675297,1011.651515389592
154.81739719968365,945.4126588118606
1205.3076748637097,928.7053350157352
1207.4054223814867,1216.3999801026446
155.56396793185718,1739.574865383365
156.12147925773166,276.5000710850304
153.14388230320378,842.936200079241
154.98984113746695,1650.1093779537234
155.89158190401167,1380.3359323979134
156.26568766496345,1889.2658834249698
156.00331113721185,975.2366034813649
156.11135135101415,344.409427418868
156.20229514455232,481.9416661510442
156.09969843483785,1133.186562824066
157.19307447477684,457.14587698123137
156.39921371679452,263.41784311050617
155.92814160983474,904.0692307661096
158.2283154470768,953.4538260703488
157.6541174427257,733.5505402217765
1211.7767530226538,1712.1961034747542
1210.7049639978034,227.6284932070902
1209.9677971729213,855.6945983476427
1212.832735370108,1027.7003570360982
1210.4206320196654,1809.1726094556097
1210.5929447651324,162.34118064688076
1211.5140175900185,1426.177035890986
1210.2993084628824,914.961254178815
156.74723701015205,1603.1281608661177
155.0516384004671,436.59116489256013
157.60391333111252,431.23758208079204
158.09072969845258,1212.050996373261
1212.318917165178,431.1593212033316
1214.5395614078368,1928.9224270678567
1217.143103655122,274.9515312502282
1223.1607991001813,827.1939780420895
1217.3849162706383,1375.4245111392393
1215.7483826726655,423.46515048210404
1218.0734758607057,771.9085324965521
1216.51912628095,1714.3106702102746
1218.2972694583907,536.1093281117791
1217.8346359320938,989.760882358955
1218.13111950291,1553.9228348723589
1216.595237893067,1283.2299766752383
1218.0443805811399,1881.1252356397442
1218.7032952298705,1071.4404001918822
1218.6429473031526,633.7150421856023
1220.3665548270708,286.47901689109574
1218.8677681528552,533.9860245463472
1216.7618020575806,381.5841611769247
1219.2494376995119,1316.020154838671
1217.9823307445174,1979.2030456588916
1220.1143636480444,572.6921870626637
1219.3742592298051,1352.115972897174
161.3107075794505,1852.5333448988574
162.31482679950363,1592.7272187353776
164.84019571252114,855.164798236
519.044142149835,1417.2562744951774
516.2078445148837,962.5566608104278
517.1856473002196,717.8614623167776
1218.132093355699,1578.6295586632746
1217.7181985059826,1298.7299308253546
1215.765430146572,1984.3103015908837
1867.6303818767105,611.5890697996538
1866.9726450542937,1915.2415926653869
161.04717529695301,442.01708882566606
165.59152054937007,1222.523517650235
164.2723029660823,974.0258542358475
1223.5948120916798,539.10758952959
1223.0738550141334,1316.4633643807492
165.71136842437625,1797.0278108349682
165.78692424486476,1728.2921490573704
167.8482709223817,733.4173104187665
887.2559122156287,1235.3270127268827
887.983159842303,764.5734981090619
1622.5890732500284,1232.6442151967574
1622.8473580318982,812.5418226337924
1624.697461330545,1567.5633574167061
1620.8731965418317,729.1789559509025
1622.1777409259646,1427.5651878601004
1621.490581029711,1262.129916824508
1624.2757237687867,1141.1697773548674
765.2829055655704,403.6810660917731
764.5871684120409,1977.815646657528
764.7517902314611,1268.8473665177005
171.03755828092417,1644.0782082577489
169.68812656803425,1726.106258506196
169.31205855433416,1333.696667143603
171.51948353347714,1950.384837871736
168.82932528123587,928.2983771346137
171.95246738900693,322.9562525206273
1225.2382867240524,882.7548164449478
1224.1322844195258,900.0308299824466
171.90915590971082,512.1126599006066
173.94665163063732,256.7688752810056
172.7205497355541,969.0223990651399
172.22622770353993,1757.3677095531636
170.89198652441493,1391.7893144768004
173.68321139839588,986.5328283309514
171.12469816054258,2016.1461833056637
176.75309015005095,1799.1900302078861
177.91492240391577,248.25670243617265
172.73132138154415,264.29743994311167
171.36504236393063,1477.8326158036423
172.74912360841157,1004.6702830486644
171.10665113866798,462.9695691534343
171.78724841250602,1604.9410570444034
171.9822749376285,1379.707726015644
173.80840058477085,397.65385844011865
1226.605149583557,1627.0004631859672
1227.52049816825,897.7118141792655
1227.0766837088677,2074.186932196268
175.58181041093926,1904.3579657621078
174.91674358632037,2026.1859279533141
174.52591103469533,2106.462451302492
1793.01774806041,364.68523589496345
1796.8044318917273,1305.1145798576906
1791.2503436960228,758.6059705525079
1969.7109221819117,478.27470681695996
1967.056580349639,1757.9634022166595
1228.1283300075493,344.539101461263
1228.2036604317962,194.47244165029795
1228.4637883383366,552.5368295571075
1595.8360033689357,1338.0801524089616
1596.7276759402362,2052.1041856539237
1596.3429425261847,1217.197397806898
1596.4699370313074,858.0297167925598
1595.4413443068786,753.0147750538733
1596.3493617896052,2005.487757046742
1229.4053426323712,250.61911907417843
1228.9192964834642,1269.2742781272004
177.2068936678792,2038.0141442135855
178.2344706193245,528.2531761495176
1798.2941850744096,1745.1627276864238
1798.430224519981,710.1944670333745
1797.5381159839098,566.7059835223952
1797.5605203385674,1650.9316237765204
1797.3532316887165,885.4276605627468
1795.9923197228602,1279.9273356362519
1797.7301153002747,1454.8383591230267
1798.3784936394,1860.268639553397
1796.3370984365856,1958.4758247147354
1798.3624938868322,1644.5750023176874
1797.073814867434,829.3030041443741
1797.712950561474,1805.529437672258
1797.7703690493238,1621.1237647919754
1797.040482539276,1004.9775271559355
1230.2840031844755,208.74840658918305
1231.3750278771836,1262.5300122561962
1231.973917211519,276.58246159788985
1228.9102350206144,1691.2597724678565
1230.460664791774,1381.7491108637964
1229.7509466989118,366.1841874201496
1230.739006740179,1561.4833752133934
1231.3802044835754,344.34795005100324
1232.0973303382739,294.3792797596177
1232.612776556008,1293.1328314966152
1233.4795734047648,1782.919578528433
1233.8302313675792,228.63653382714833
1232.8742791737163,1549.1420146220134
1968.8823753146169,1472.4884603607504
1969.891949532009,1555.0777945802245
1971.5475015376214,502.4264716100349
1969.5751593105708,341.4283197734501
1233.7032275135743,1948.7009643769725
1234.238882822059,431.13340518720844
1234.9888394719724,550.2064748141148
1234.8001261439247,1440.8002436724598
1233.831472817005,1272.2188208081377
1234.7351551834124,262.50273608844856
1234.2504751907156,634.8613190267417
1234.749826646448,1137.287092483473
1236.558013833936,1624.7994111716764
1235.8958253428962,473.00569875933337
1235.957317277315,1516.4858922692415
1236.4860127145812,563.9585820938215
1237.5344302925846,356.3672860679298
1238.8184246212795,1627.3139525051988
1239.6988202836671,680.6331436593222
1239.3777550339857,86.12935900244187
1241.02763408916,486.97389455375696
1799.9394732864664,1289.3384551533782
1062.2970712023575,1286.176605463582
1059.5647040699193,445.59037886760166
1054.9357745694967,1552.5447007619032
1056.7449990491496,1354.3635250127147
1241.152677895658,539.2767396575347
1240.6044806562593,1316.6895219007654
179.30129473412106,1025.6893528619946
179.51615364339187,1316.4873715549272
179.71031917120575,1437.389777768646
177.04370491971744,258.85108204122355
180.43967029641308,817.0572218695595
176.62345626439412,558.7180698863892
177.9500748167457,1251.3978592769952
180.00718044674218,1826.957513040214
1241.2800162850472,1714.8608135578347
1800.3419015135476,1114.2032665411132
1801.1516863959362,1872.9706878814636
1800.1201136027062,500.26545745085303
1799.7642827788884,1496.2640474666734
1802.497431877033,1459.6731942940712
1798.3865821536347,1294.8040188526386
183.9983211767725,678.5125650350975
177.69203147328054,2063.0465646628413
181.90639216629444,1928.6634919614667
181.84296211619457,1223.6260166443271
183.03402768293827,1736.2198601950547
182.1069822318887,1380.1225263134475
180.23754473065762,1564.3931486429906
181.4733687780326,1268.3057885144647
807.1558311124353,1169.734545152391
810.3352338257444,313.1543977534872
707.5020001127343,1271.5789704798276
182.7755021617356,759.885054566201
180.67290368628068,308.45658950872826
184.40349505910913,1581.005526766365
185.15209772643146,570.210560034859
186.0232506368037,2045.5600917088484
186.33102708604798,277.03112910015017
186.6813130279861,634.2152199092794
186.82516180576414,1649.8713622966363
187.18827587627135,265.2206080704286
187.8262193670526,1561.8869527712877
187.17787075459898,950.6141247586677
189.3037914266185,562.9551693888104
1244.8591857029392,1451.884693411651
1244.5130253455586,2049.9991505485627
1240.922680862994,361.3480725754262
1245.0186829504305,2067.787316721129
1245.1293800814071,1675.5092115212406
1244.609711210625,157.69668506781804
184.19147646954823,742.0667765266406
187.79440384421486,628.8024011124819
1803.8671962236472,699.5341745193663
1245.0241599815572,401.21264270308114
1251.2076713147906,1312.7946400572391
1248.7568269762705,243.41696738516717
1248.2188443259568,1767.0571623019102
1247.5182916059614,1283.6323435696454
1247.5577278415328,1759.0167888736964
189.11243849023072,416.74899756926885
189.57040654396116,1365.8068882783116
191.42424910092797,1252.3477800224953
190.02839649472315,913.5821643841441
189.6401983288447,845.9137896609569
189.87007699145252,521.4551815183298
188.54101154719018,1738.9581809359458
190.09925380562777,664.9218259461765
195.18800424381737,512.427057916875
190.5118953128856,770.061524703048
192.2866034181508,609.0027129525753
191.78873328236185,2045.1741355619752
1248.780554546781,407.6827479801882
1247.4290632973957,1997.771927238314
1249.971435490921,2099.051078212426
189.86266117380978,398.23250325596365
190.70785041764296,1392.8134131158322
191.4157149830718,1655.7804015070074
1252.4653751394171,1636.6816014929977
1250.187735795808,1542.847636555638
1973.4204279548235,839.2226400562034
1973.5340322143468,425.2255578566317
1973.146551442203,1432.5724328555775
1972.8872842092692,460.4310463523351
1973.206223176606,1598.7472931978225
1949.2596989724377,342.7707462049696
193.0045345434385,211.33336969760734
192.8541576777934,956.0645274153233
193.72884355134272,790.0601782934984
190.6542674515496,1619.5002414282837
195.5786414103283,516.670429434365
193.70983595376092,220.03169108545558
1251.9034100962276,1446.9017854625904
193.71594618680334,2099.8951899673075
196.70979796984486,1252.8887542889313
1252.2270362333015,1783.4183597099775
1253.7021065411984,586.0392631327229
196.04605215661098,858.2523443834365
1254.1065915674403,558.9108692190732
1983.4304516917011,964.1161662221799
1983.462360171609,1734.0420609536882
705.8150541124469,545.2642129412307
707.3594556820188,814.3510151110102
196.99186593050493,409.6697144675867
200.22858422699463,1937.0624376216153
1974.5659601316486,271.3441975253103
1974.344200137433,1455.04160765231
1970.8057687881146,956.2309022178376
1971.4985953238333,240.6090064781592
199.50593174784052,258.8735842201711
198.8856294439807,915.002525270898
198.87038345913842,1024.6897552316323
198.6753825436962,1070.1086639343341
1255.8071890680874,1441.9437248470194
1253.25950698024,897.8338459510469
1805.7289337017403,49.56751339568064
1805.7715098642932,305.9333956647022
1804.9043383724395,612.4124897699589
1808.428618431309,1392.566598378547
1807.7878381570397,849.265873285793
1805.8960996134192,756.8196403688954
1806.441083165121,1960.9035999704452
1254.3996651260586,573.3574461447511
200.74823212554102,1735.3728633388387
199.8407136893161,318.28362381947966
200.30324029616617,929.962809254901
1240.4913910526836,1243.779801919254
1259.88762311741,1325.2766086850627
1264.4316641157263,606.999238515068
203.36575889685005,620.434104450895
361.30361845575874,1092.906961595032
363.85711862651397,904.5102431288184
364.85519557468245,1381.894609764156
364.812703913902,356.7469198551918
362.5585138516384,769.888950058993
363.17668767010707,1719.1522014549341
365.84010965224087,725.5620158081359
363.0859839744026,1982.5098530697317
363.1132330868811,898.9844547257655
361.6083160737215,1352.8186782970024
362.2243818602309,344.343289078961
1265.0895865364632,890.2307810507202
1264.8059476310736,268.0641665576356
1266.2529421313536,2007.071011958965
181.68810771623302,1488.893987537075
1269.7308475053267,1645.2327936954832
1267.4451056042394,1679.6521139092386
1270.4671824462619,860.6158935321657
1275.1643160972917,2004.0406475654731
1271.0207808123528,208.25529271757676
1273.7813283013,1049.2191358966934
1273.0706199397816,893.414343494921
1272.1650518480596,1569.7088367084334
1275.3047503979074,663.3123823866886
1273.04812955456,2051.1393817475246
1273.080969651821,754.5939492264296
1977.3815807492306,1694.506973141362
1975.7829174221183,291.3961624776553
1976.6883925517793,1855.2592709549715
204.22242585749095,1777.0260337651305
1275.0151379755755,2102.1722856028496
1276.0683819956903,1760.448913938814
1274.2601192000882,1311.4447855563021
1278.8595132423025,673.2949241698188
1276.5015459235428,369.8907197181008
202.2605270735196,1645.8214392589957
202.9669559303199,754.193567559014
1279.0383524739373,1892.6994495261595
1279.842883299317,2020.111152054085
1279.2931901429274,1923.9628750668003
1279.6699110005434,614.0910767578042
1282.674371818335,1883.9593368314243
203.78655746457594,332.38211250945716
205.0140054645616,203.67481729084085
203.20885335081152,584.7395772295034
1282.9871894640721,1357.3315363663435
1282.0502536674758,669.1752762654196
205.79428153221195,2012.9546006534615
205.98222500773977,619.0407374208761
209.01344496973192,2113.543667590132
206.2440195650557,933.8207239174645
206.164559757463,1068.1702197275094
209.96040215742167,880.4616042436938
207.8725066454078,2096.2893658357893
207.9774072788683,675.3176904058641
208.528127792024,1548.7005354604798
204.47978694821217,1957.9422012427156
203.58794734746735,1783.6289225162923
207.23185298720963,598.4612471549674
207.98585285305523,929.0648515111974
208.35580401280617,1798.5158553489473
206.66365633721676,1619.300297162745
209.63691872836011,2097.0760002194424
208.0460061806242,740.6551637347416
209.54975977199717,1953.72943245538
209.81574193479025,1485.7968346793548
1283.6758334762035,2042.5647918940772
1286.0915229685288,2072.3967468005553
1285.979554181846,601.7605768162985
1287.2274866807916,532.6397984641868
1284.514934620746,385.12574858203294
1285.703647375896,560.9176666383131
1283.869651780869,2045.4432516084314
1287.504942422472,315.6040831876305
1286.318054206634,368.909068855779
1287.5538151831752,1758.3463445342968
208.77230923774542,1434.0739158171436
208.46569608993977,462.90462165499076
1288.7453207285753,749.4344600417152
211.13128382946599,956.1114100553042
213.66768095988257,1812.476454287094
1612.7107186949595,2061.5808195040904
1611.9251865975243,213.08910292132379
213.32227551341515,1887.5334039240847
211.1300277335951,741.8519717388454
1290.3850458851043,562.5344347213262
215.10394235194067,1619.5942777871448
1049.4652656848277,1638.691833291119
1045.3040195911103,1862.6586918863802
1426.439024287984,538.0737216362727
1429.7282304202258,2045.616456852199
214.48599677999127,918.2149639309625
899.4772254315517,2069.8946143026997
899.3535895538005,1109.9572810599814
898.9874551977844,1011.4908379706336
898.725471675955,606.4687258885848
901.2016339474659,1661.439646387505
1289.9257284676803,510.5695587015984
1290.8506086779446,1730.82795304889
215.50065325723486,1546.9169205857288
215.07663494687574,1650.172726191807
216.83664771491198,2086.4987956670952
1294.8472700586908,1785.7964316400567
1289.4699069892633,1204.9429695892698
1294.5868287302765,341.8405483484199
1295.9922552524522,1969.5875870630018
1296.1647884923298,673.0642807493598
1296.406553204876,517.9792031619393
1297.1956538881975,240.9928814100644
1297.820409015839,2090.7423541427925
1296.5861838355993,1499.7366102525336
1296.149874327758,524.667892957418
1296.195442475456,1528.6285950965212
1298.2262931524192,1579.0080172763523
1298.651710402497,1668.1278508575385
1297.3389079295416,2055.6011881335135
1297.7879671129858,1975.3319634581833
348.7086530893695,536.9446937100827
217.4365325810698,2027.6619960811356
220.04461639362424,1522.8064447630095
1301.1156623510788,883.7284680012586
1299.7624073533655,688.3458480545856
1525.176762252296,1321.6396947373828
1527.4804398658794,1975.1520451567585
1525.2871013793945,1357.1918295560322
1897.696663120093,1640.0706487399675
1896.6491765370376,274.36638801812234
221.20661571650686,481.15377697051986
220.8610628341869,1367.8720417629686
222.09299128279426,1678.159127830369
220.9577558583574,1693.1663818890759
1809.6708392881374,1838.4205810739038
1301.0832899353898,233.26942942292374
1304.8258990468992,1152.1384186888292
1305.7906289612201,1965.2135482953104
1304.2095618951673,760.149702206866
1304.2662998410578,307.97985438104666
1304.2289976801069,1460.5128925046843
222.80387491711988,2068.8778009938724
33.59026439873684,684.9413882768764
33.709921958948414,1999.2620877958182
35.146443516051214,2086.592495771815
31.829848852558822,290.0137144097175
224.6964117251515,909.0630768808896
224.0093104422993,274.83586214386395
1304.5365371552705,1046.5783727053572
1303.0957914611936,474.70293831679965
1307.0230645421125,945.2990574997355
1309.9104921641917,1880.3977690139614
225.19622084612044,1885.026369137863
1306.2400058297897,2103.8559628910502
228.2183247028693,1517.1268950258452
225.51157168462817,715.6713179504885
1064.0112288047735,1384.3100781614862
1068.0352286641762,1929.0101606723842
1065.4321260927843,2014.240294682918
1068.3399128360725,276.2459188477231
229.0441791798708,1077.912057549248
227.19448466971173,1948.6890495577525
228.16243101223728,489.253403258335
227.48116595840753,1980.3501477167797
1309.6209541487078,930.8310140680929
1310.6214676070467,584.1244162331532
1307.8074013258665,1930.195841488355
1308.6595283262402,1994.3354401997049
1309.8188121142089,649.1008499036117
1306.2034677912611,643.5802614592335
612.1279002651669,2078.154392956446
1656.8313221240267,1652.5919305487128
1655.7150818759453,1620.568196094497
1657.979517055916,1555.4382536264102
1657.5424740459644,1918.2379724728148
1657.4195655518738,940.8144668609715
228.82229335470353,790.5555242928116
1812.8832093488822,286.66980835698615
1809.3164879446103,966.847583063771
228.9104979119752,372.9411068227633
2028.4508606126353,604.9075525551561
1312.4590233105585,1924.798337883556
1311.2579794768515,1135.6300663163242
1431.7753398111713,840.1256283997421
1432.6730253051298,1597.4746645147427
1432.6394786325106,1416.5111389353913
1314.053006724105,510.3620430669198
230.57901054952893,1928.2213307726759
232.72763136807603,761.4861476819561
234.7697537532028,739.188347170974
233.35570493163814,1351.941363073404
233.85800412500325,1903.0479248313238
1311.077495886051,2050.8816475161193
1315.3877283846414,392.4686402383426
1316.0024018500167,993.7785797516615
1315.5933848370935,1093.394230297504
2036.9077739503964,417.65674657793556
2036.2771788000164,1695.7159439641543
2037.401008279994,1845.4041227093062
1317.1307483629728,539.2642068454952
1316.7730606028053,634.0834472813365
1319.0674773841129,484.43482569091753
234.4826489473919,1917.3632486234887
239.1162769049404,341.5145037659584
238.9400337696324,1405.3046575941005
1319.7806254744642,514.6039423500788
1323.1111571470824,1733.4451615301828
1322.1679623279836,864.237977969681
1322.2398021827794,1693.8040830990597
1245.9293540496546,1818.1210012907507
243.69942348121285,2090.4542888346564
241.90626883296028,1432.0311815407356
242.9286892690925,1577.5561242829233
241.58637463956413,1665.5359654850504
1324.7045416116425,431.8254255413061
1323.027338260786,1487.7037917168084
1322.2415929606616,1489.6284993584068
1321.9535786041836,1339.1694214030595
1322.7195578332464,552.9916581962622
243.86380732718993,837.6855835713841
245.03730188877873,342.94887120002363
243.01251817397014,1650.135714503864
243.14090839326383,1945.6549002981099
243.36900569363746,975.5911522453679
243.47317185568227,628.545810693808
244.74813664603607,953.6155795013183
242.826254552307,481.1955448719204
1610.136040725655,928.678265291598
1377.9367307139557,1256.2490135157318
1326.4026124105872,948.5250680211251
1325.8222904825614,255.35406051925028
2102.976110553682,858.1593751220031
2102.624117214501,1005.0493737274073
245.63380007726056,1834.2106225493892
243.9384626714866,711.3105928878085
245.15483911673584,1422.7881960082018
246.93214794506423,571.940481073791
247.93711513278143,402.96976885032956
246.72855534310247,801.5154204974741
246.85440671918275,1380.8301490701879
248.6421947022915,628.4604322171708
245.44558577481888,340.2868236916917
246.81823045375444,1134.1521451323547
1327.5912511414342,1462.8677237218326
248.88956511609607,1448.8599319515263
246.7107720584108,2010.0091367640732
248.4961969403638,849.1021541543668
249.06907585033272,343.45418968787214
249.63233045748524,1845.4612922250958
250.10592806797865,1220.5623815832032
250.34706455324746,514.6400068596371
1069.6285686617107,523.0716831327758
1073.5157210284576,551.2682233793515
1069.8880576930699,2058.0647928781837
1071.3270687243346,1358.1907466753855
1069.7112164760958,2006.629747219082
1070.1995509025867,1545.2934124928456
252.00740354199098,779.645062561641
252.26875110118266,1516.498356283932
1328.5596966970609,793.1734801758095
1329.8263710547212,1394.6537674123613
1331.4776392867855,650.0943308795016
1071.8834157658991,328.47867712839195
1071.0512973223226,1849.0481265860328
1070.0193209551812,468.97988451119573
1070.9246429686677,770.6994026953478
1336.213641076644,981.2501423287658
1335.1502495976256,1663.795945501285
1334.2215300698192,724.7484474451493
1334.1512367909675,1644.653907306724
1335.2550138338063,1728.042264095509
256.76920428602347,1993.2681911564105
255.9987973240388,1527.7380841751808
1336.1151358109378,1782.0920137253468
1337.2048132343218,256.220156846842
1337.8188671338846,725.0039426504721
1339.131919157211,1769.2517040520333
259.7061640127037,278.6908303202293
665.7802474944535,2104.439521500457
667.7352731498763,1630.5446433321242
1723.7569093451687,963.6446195113597
1723.51766752562,1724.4678068677492
261.50769714346086,1024.4370571254794
262.5536903565828,918.6601936795843
1337.9315213995,1652.070754630128
264.39299380974427,356.8140997556143
262.8441160238909,1611.5036427584132
265.7608084511633,1697.8972188939124
263.1305005811102,789.2411153996561
262.1526318995088,905.3947105215085
267.05579328900643,1142.933941124824
267.82054866132165,618.7746660519917
265.5113852951024,1363.6857820716284
265.9689342905471,1673.1551726268158
260.8793274453732,462.2361227215085
1340.8949557156338,1449.2766472071494
1339.851964647347,635.6635272185157
1340.5807450635593,753.5584191377313
1341.1841309159568,553.2660414696571
266.22646318624317,353.5946047993402
265.9779006408685,2071.459564262772
266.9669221089381,806.7791147593373
267.5301122304046,2071.970304255037
1343.981921492406,796.5772698047823
1344.051467525387,1486.0322851053684
1342.5196414439965,1124.0296681282018
1345.9044036171558,1349.421988645013
270.6762489373999,915.970812551254
269.24886356749715,342.83529627511416
269.6292211527925,1255.081184944132
270.1750216976984,1026.0837029967608
1346.9674350931655,883.6465796139155
1347.2341857571223,631.9142723031629
1347.0962953056164,2064.382684139375
1347.1801935145393,1751.8696268743947
195.23799657119307,947.8515801906154
190.62667795414475,536.9423029093585
1317.1897151549529,256.40316294034926
1316.5741952737194,987.4306300289949
1317.9246902182801,1843.3071044188484
272.9735188274696,615.7272268423936
277.08623868341755,637.0234062261629
273.09199283199706,1372.3212689858963
271.3891143605637,1260.0092244343168
1509.5496742933249,1203.7627506217202
1506.4884552696544,472.9703699706038
275.60607202021214,793.7348031876933
272.1504457419814,1948.892277250163
1346.966418233072,745.5151481014117
1349.4600588871995,258.3302052917953
1346.6703697310193,1833.210892347853
1349.620682201592,492.4722621970181
1349.8229329392736,546.3601744221659
1349.6324014428633,637.9307438604677
1351.3472966678512,2050.2109350748133
1350.7818923332488,1903.3121788238125
1350.4090662696653,752.0507661428894
1353.2625296946244,512.7020091616522
1355.0157011213846,1550.9860383326704
1349.8912248284041,882.5800321019624
1351.1925784705466,728.8831495703894
1351.2145043788855,735.9205429488759
1349.9574657322728,342.29999877357704
1987.342890050515,791.9116725326379
276.9210709510391,397.6175847144544
276.41201777992325,883.1333152073703
277.72533147478805,1381.1318330208105
276.889191268338,937.7252320501085
275.8120844210218,424.27622369784007
276.48762503769433,562.6092600612635
276.863997103952,1632.124980252599
277.3075581030278,293.9218188355569
277.6422900874011,1599.0353641647473
278.9354073420436,1306.2665844957314
276.8979512762296,1652.2290216944025
277.5135582773301,830.2993970971289
277.5370251840955,1175.5239978022526
278.116968382248,977.008749860188
279.2198176265923,1997.110866165537
277.5546492699595,319.98243483582945
276.7578870957988,1391.191642767359
276.4074936117925,1134.2032964248663
276.4833263379979,839.2425202557874
277.5364010393747,1899.7652645117332
278.70444712696644,538.1279042949104
280.25086675963047,658.6164718367296
277.3941085573438,1457.9335544024937
277.06473679143056,1427.9626048292544
1351.2224709816576,438.1727685384664
1333.2545141478588,1617.033567430528
1330.7915310127332,580.5899063865714
1354.0100811802263,1806.8949691354303
1357.345577329838,1923.872739884274
1356.1139203739763,554.7646210345657
1358.5257794694694,914.5669350146455
1355.455502832437,258.96302465678167
1357.2616301460896,668.7416181503655
2048.869399629105,247.52300241952247
2049.5655611747807,343.4511886889301
281.74371706181086,1408.790651043477
279.73590353475066,551.1741990126167
278.8230676781259,1683.1246765009707
276.19669137528797,1950.74126005603
1932.269420598093,748.1728588151223
894.6740844334814,1675.7445296193212
280.9823084827868,1388.6314130578226
283.9817176686084,350.07626683612773
281.8132738091203,1818.1721339994083
284.35300388621476,291.3653369632596
286.1154964618351,1355.8223637014144
284.8570909607918,740.7947516130017
1360.9765382971407,1087.3364354531666
1362.0824166432885,1923.7046566945896
1077.8373424357196,541.350592894004
1077.7488993651277,235.5489440648377
288.7455825722408,759.6705263223478
286.5016712765598,1445.7767170323377
286.577534232037,519.5754327671768
287.5638659601685,647.437842347248
287.71839864592937,1840.5794247810522
286.1838995762868,590.9354792060207
286.9298781906648,923.8859516547833
285.0918571360591,384.7824113327761
288.78757712680465,966.3227186142942
355.6748482794132,343.052716296618
355.00767152481535,349.97275627736394
288.8265332647608,551.7340037089372
289.26096870848824,2073.3124756595853
289.02167057694476,1512.9982181108187
289.21471603555847,1335.9453001747943
290.5020239674992,1636.1119965473185
289.6314912752644,724.5418322348554
290.4102479406271,2045.588430173234
1822.024043555708,1619.7826931727964
1822.1564520088414,960.7536665709418
1082.1731872504683,608.3807106221259
1359.6845756352434,1692.0967797623275
292.6539548150888,2010.4908424036105
293.8884967614413,1133.8129995647018
294.87363987906286,1380.4762370637236
292.6781669489894,341.5872913360461
1364.1897719249494,1445.6398629684286
1364.4244066588233,396.84365748871915
296.48285447705,1690.7851531544306
298.0481753854641,394.0614586674547
297.7583072107063,1974.516596858133
1365.9310567554826,1909.8539381714127
299.01606528172965,1384.1950011123429
299.6602895954309,1259.19577640529
1109.824633298505,615.3658455731149
1109.0522119214813,817.2933035809665
1108.9686717624656,1725.8279270679905
1110.6887864849161,1154.5939937599853
299.859895677593,582.2081705819046
299.9156767765109,883.1463694795768
301.7124299075469,612.8295160623143
300.17077849713127,304.93798297920017
299.26795120640463,344.7602386894332
298.6560619607405,756.3573888106512
298.8784505375999,649.089862137581
1988.267779003047,924.1111939188858
1989.7901242427452,2032.6262870126964
1989.5594132038373,2085.227392654917
1990.622715905087,1928.7418019561146
1989.5342578008238,1025.8983687230775
303.0377005300407,1453.1054213444495
194.33219833394804,553.9709050357208
303.56761898973593,777.4719798383172
304.6995928841718,927.9172196743754
301.8818162949807,2016.5183562606508
1369.850347401281,1369.7752975818523
1370.822676269582,638.4478051350172
305.60634494803406,650.0216940917667
358.90714034260674,360.1632606855875
360.68029951242744,2055.479708166538
357.64418910909603,656.5021116374235
306.17946493419623,344.3067012060638
305.51061469406955,878.9074630750526
307.02284909719566,1888.7312451664
305.2551903665498,1387.4349791893974
301.8442585453528,554.5216849420765
305.684932501286,2016.5217596025561
302.3775611126673,1959.3974459918056
304.48047925445553,1746.8809671788579
304.2757687281156,968.019938055307
306.6102674271613,566.9897242825349
306.3502489778947,450.8608362022382
305.7245319965621,613.1753859415179
306.0171374233745,1526.6314182244441
305.1089813219283,341.6976472405373
306.9912582618961,1858.124835249895
1254.9915557253867,1784.9706612357354
1253.7382886096455,609.7573257044797
1254.9338288110766,1813.2891956934116
696.7838799757878,1399.897671416073
1374.6137423779428,1511.3787643603475
1621.4045504103306,732.9016616561828
1621.948906575171,341.0078002132253
1622.4894369295275,1674.9962361355772
1375.8747476408657,944.6461246469996
308.8646607349284,1639.5495939035852
1373.983102533791,1785.5185846431755
308.01551656383157,883.013692219474
308.1460331546175,1423.0980635869787
308.99856249472015,258.110383034151
311.1415591408691,517.9591062926984
309.75340879637156,1638.3867077551572
310.4996832970576,450.2216637871081
309.6179600921187,1600.0486829602842
1376.8697638950516,795.2206259717955
1375.456822752661,632.5601324504487
1377.680089823484,841.7597515924058
312.5864236666306,745.0644921462406
309.6731692809563,255.86811563989488
309.414154565386,1925.7381259110243
49.80678203416614,1809.0828917291037
49.81678064279159,636.048277412252
49.87007884099921,498.2367094030368
48.939245617607504,1475.0063244244159
49.41290705224013,850.6951199539067
49.74543508989298,342.9800586910585
49.78355713100827,1905.4384393553717
47.93557770232178,1693.5792288712832
1379.8175690439084,704.1484658931329
1378.987932614345,725.2602503621396
1381.2255713936415,969.0661564795101
1380.3862669611879,1996.7660577836616
1375.7197850092475,687.2691697671455
1379.908908935189,1391.0613761597326
1381.0935445502678,1254.7132191010169
1381.2580110429199,1636.13928742186
1380.7295949824256,1881.4855238053867
1378.913775791546,562.8024461849384
1380.5461245541828,1307.357906555776
1383.7416607588764,1560.816216801234
1381.2262936543934,1459.1174671535452
1381.7456853965684,1651.5357415441729
1381.6904048892181,838.2924090004691
1381.7818220993597,1390.099450207094
1380.8741162408687,1424.4967571279149
1381.1150422476837,1138.8710089688498
1379.8883658022507,480.7203154995715
1380.6431620071794,1429.0008452747884
1381.9861276104534,719.5336700739991
1380.9839817021402,1514.2429293800164
1380.034572943731,656.7292730296912
1381.2356755580324,951.1578887967781
1381.0837864338473,1901.1258535325285
313.0769808438116,1876.1865900329087
312.751787558814,887.656782199725
1380.3473628862214,1475.2802939323694
1383.2378236705442,66.80007023563863
1382.9967556673605,1778.8787354258627
1384.0618280687363,1883.8985765391924
1380.3969723838113,1892.221526534169
1381.7567209681981,1671.7290925854677
1383.469494020823,889.7949675800066
1859.9076923202313,135.80423114672516
312.5870118451313,1646.8626350575662
314.72988579350414,677.7148017806574
314.62621005453747,344.02796168675974
316.261865671458,513.0930580568969
315.3861355565551,487.5499049034225
1257.1211002496846,342.7309031866487
316.3975088830388,598.1094922326566
316.23732024069756,110.52541655082761
315.48122489101513,1331.6824074499737
315.58898654063273,724.1362646499215
315.6424744133601,1735.3934404453441
194.73713649934507,1741.4668146478434
197.39129177415194,773.1056432528994
1385.9152965678716,1010.3760970253882
49.67413756716353,757.3221571097829
51.72818942002688,1784.0414383268867
1386.0757687465323,1018.1992729208816
1386.662098408514,1359.578752491394
1386.747995543953,716.1702283554771
1385.6671445988375,763.0792571492722
547.908582381647,1815.5589669514188
1388.3185565773506,725.4595025337379
1388.6313732224173,951.8726994918665
317.9627244716298,1617.7915949128376
318.19902773057584,648.4240382299804
319.64887406773147,582.006173789026
316.80995737652484,1930.32416560273
317.83077731923595,1995.7703168283392
1390.917637245854,2070.613074783271
320.18056564586016,1002.5990417790047
320.63944641799696,1874.8567219164452
1388.9224299821835,341.9083992252979
1391.9265535036209,1778.8433759763902
1390.536761376411,585.2090317958354
1389.9810365860246,986.6140095383918
1389.3458022723714,1960.4194034115792
1392.549418831689,1810.657037580879
1391.2431784961598,1686.0935339620396
1390.0468256347858,1596.9468519452273
1390.537275552678,1947.3906416850402
1389.2568407823621,726.5737100840596
1389.0440581123596,849.7997031014547
1390.457211658408,1306.0784066637282
1388.4528979109962,1746.5701793025391
1389.637838244051,1450.2963844011526
1389.7480461951657,1670.739891814492
1391.1047967740094,556.038438781837
1388.2032982629908,1695.2091102681989
1386.9611853139154,1530.9353316449979
1388.1954777199926,2009.6963209545077
674.8909358546942,851.7193471159433
1084.855934341365,1842.5626091949498
1529.960558104342,396.54345698953125
319.86399981133553,1356.3229270519175
322.06801222965106,1564.2894591278553
1393.2295678995033,1652.724037812841
244.14470445851273,1315.1605847970645
1675.7918336127784,1556.996553059904
1677.6448645571754,513.465073760669
1084.812789152069,956.7561440746197
1396.08103134125,1707.6925586498512
321.71709735551275,583.4769938065481
320.98442010801597,448.3850965035052
323.04915387748656,1679.8010817276527
323.041366851543,1694.475608305651
324.8140146855967,616.4288996158298
325.00832146419646,1574.9229746253764
1396.0180134941522,1892.0236952825692
326.3894989437196,1696.309693787321
1399.7372370323744,130.04867927597934
1399.1643193540158,922.1823363527249
1397.97689297887,1798.1388436217605
1394.2466753840956,1735.9238332982868
1397.763368421147,1577.5608975084533
849.0813893375764,1635.180051185737
848.8292690723405,1993.1122981475899
848.6177056910974,510.22625839456276
1445.407532340916,1446.5401935058674
1445.1525359077173,1005.296212263748
1444.9972035064409,1828.8149789225217
1442.6515105017556,395.5141963039545
1397.7684152615723,104.07201797425891
1399.2270792738445,1457.4550625695322
1404.911504311827,1135.7500657693106
1138.0049309260366,340.7993355585302
1134.480649252837,1651.2064653644607
1133.7148749044718,1995.5200729861012
1130.746148136501,1706.7219600524147
1132.1331962177528,838.4101031696694
1132.8741321179912,1633.8165010944995
1134.6485390112134,1706.0278860215737
1136.08479205973,1458.1380205323233
1134.572366080596,1177.5419648843579
327.96951057311264,881.7729273953694
327.60037714378427,1664.1875652101573
327.7056322148148,617.5954254473767
328.6294649743797,1006.3894671812363
330.1424476655292,711.0724633910594
1401.496373337173,1917.1968936832561
1402.865430973102,1764.8797120596453
1404.229773043935,797.6472618498419
1402.797270304423,1281.7974622803815
1403.1604970460178,774.1588293251546
1404.2378099570767,2061.0373182083517
1087.9347107012504,1547.0271803434853
1088.9093329440689,1613.9005241123486
1089.7039559091852,931.271714869743
1089.2447859542867,955.1653951165354
1088.0074566732767,1602.800193104999
329.9479140070267,400.2881904821359
330.53707245631966,1094.2668296059812
329.2479966252265,831.2070833940921
328.0433404859021,1545.5495578547877
328.5241623246492,1848.7788414310087
331.3631578917621,1558.914463305858
327.7719325295084,417.07104972892427
326.76748019240796,1327.1722472229712
330.18530734918807,520.88880625638
1406.317296044883,343.60987679147166
1406.3450050610088,1888.4853208894574
1259.304738623807,861.0792171810367
923.6619090615186,976.1952624520889
921.3636900565517,1849.7599153892438
923.0627983944269,440.24585163207826
921.2314586120024,1700.1564878285192
333.09470906056305,710.7919011046527
331.6424290145114,461.268511360357
1259.6976237479332,637.6840199957873
1410.7980480832703,133.42056682997253
1407.720398040229,1890.8579896212257
332.554906335781,462.99916384101266
1409.9608660469598,1695.1585190786434
1221.3250560210633,1627.6806376252014
1222.130347436965,619.4905935352839
1220.0237425627415,226.358316062614
1220.9003099341778,2010.2363266931281
1447.8881889206405,511.1613661811994
1445.4818111604006,1978.7251163083665
1445.877273187714,726.60396658213
1410.8297931616723,1205.162838446985
1412.2340318044212,1749.4859603035775
1355.9478361598344,1950.3075548811491
1353.8184547991,1442.3952895672405
364.227784871973,1472.179730616384
364.63715102103487,1133.5623447648798
365.5615464676942,1940.3423323497589
335.3136952209501,805.6957867883116
333.01627548536965,1731.9663970077486
1415.4778953292537,754.0441602158072
1413.9808053223778,425.8667872730331
335.20563412710766,1490.5456366873173
335.74029460573547,256.94892877948905
1417.547337558583,1942.8626287091558
1416.418675184035,961.1262293300217
337.6175049919956,1345.494840836522
338.6784220615895,1664.8160260087589
1844.2167015664136,2041.8875523347904
1845.063694801078,2081.2079117213552
1844.727575877942,1555.4783041935061
338.2997142770078,552.0606430617597
1306.0027692717172,1676.0335805901464
339.48085389087794,741.4723592140549
340.45166486896545,1702.945930906025
340.241172669257,1564.9129975058804
1091.450341410317,363.0828567118334
1419.0249080260771,1653.7436113825045
1420.5025802096623,940.2133828121933
1421.1721190033484,1000.6484919867424
1420.5411265857617,878.9595021527371
1418.7530519269262,1586.9577822531533
340.7207436277251,535.1672031569218
345.04573753634287,1642.7008515541972
340.8009677196539,2079.91662288665
342.47235071505924,1967.073759618364
344.3836408961932,968.034951647683
342.02987647018085,420.6833819230029
343.91916185688154,1704.6587489174965
342.9567786323961,1633.3542205503813
343.2908744346363,1706.3226074100626
343.4239175973797,1304.1930199352412
343.7758457351934,763.3755101613165
343.1331873398158,831.1562666257906
343.1270682883851,841.3910424112375
342.55951102738453,699.2193117984613
343.40846167458005,629.4501907649056
342.6513382714821,1996.4922613659437
343.2139312530749,1999.269550357401
342.5984817359428,1944.0907789863252
344.0109223486444,1598.5965118686831
343.0188653006211,1514.9076653510642
342.3427614093437,374.0270090514888
343.2418081466434,992.1948924932213
343.0199264642376,1651.3686607944112
342.971664188429,1176.7950616053135
340.2323606822394,443.2802779724356
342.3453359004763,1528.0138058697082
341.6593607875342,249.63444117616982
343.34496102706163,1001.7323156654759
343.2697911386276,1004.7707907440644
342.15831708542277,761.5914394839925
338.8184316194009,937.9633294155703
343.26790004658466,555.2527813455151
344.2892870044421,2017.8034295052157
342.8832118682979,449.5217825800438
346.6531793678545,531.2668144481638
341.995464906334,941.9071290035964
343.4920678814321,1744.7307175737396
344.13207581578433,1603.0321279090151
343.045518551471,1474.455913426667
342.8994894980122,1960.447761249468
341.4450289696583,879.7661878101286
343.70533378657984,537.9576766984519
342.32799621503636,800.3178301169049
343.37904779859053,1898.841515405738
343.0629110480338,1756.0128659040083
345.6218735658199,400.544036413982
343.86379705483176,883.5005220428044
343.4816294877753,721.1463910551684
342.12513682965323,885.8637962122261
342.88417294210296,746.1791180724346
343.72080380323894,1908.6128026383092
342.38257066295176,746.5568890426966
341.47148250104436,1389.5032423257371
348.7332497156956,1884.0635495840888
342.37632320335643,1428.7920502835966
342.47538321482045,1424.4695036569744
343.712071878167,817.8688660805392
345.0322716785767,345.7270843549224
342.2923723852623,614.8561106723872
1421.0775482579484,1267.7178119789373
1420.34126779315,494.08265518432495
345.98182674213314,553.3129088283388
1423.1006300240476,925.2924759862317
1626.9918232524133,2042.2264255449397
1424.8753262741059,855.1491629718138
1426.6727715918144,419.9717712773158
347.30308508029765,1003.7186502275528
347.4050588791613,2038.4926602792582
346.2898671931462,818.9118349604056
432.7088680308513,259.7502842377882
430.4927851631029,1007.8068196318793
1429.9466269723366,1888.4480948786922
1431.3706064556955,978.6212757653107
1430.0793693809117,685.9130875921313
1430.4566051509457,951.1482246007955
1429.386331580593,1425.096620498802
1429.385909355138,562.8903523765387
348.14163127664204,648.9415347168656
345.2700421189214,912.2670793883686
348.0458875485766,541.8381556079083
349.347665136754,554.9338407807486
350.6458475335002,1965.4370761978878
1428.7420776515503,1931.9752287512147
1431.164763317078,2086.4466634225682
1433.328157361109,1525.502952711737
1431.2491951053353,525.8590914918419
1431.9748988490035,1579.29587986683
1431.3586583360686,1667.4387189582535
1434.0190953788103,686.4793764724835
355.32394238675505,1842.6142322776132
351.252658752433,1638.097956315652
353.66153443745947,257.32854826163253
353.0911367837092,607.631934438085
353.79034749126504,1924.828882795441
352.76691986729577,1518.403098096889
1435.2156371126337,1988.7132234200449
1435.23815934562,719.1152435357908
1438.4943481318542,1925.621659866575
1423.627779832497,587.9092124279487
1425.5579436878008,463.5922501612157
1423.5412836863318,1451.0693673952676
255.22503684642678,1602.1834801194516
259.6734626748993,1449.0955455844385
256.09544362609194,2012.163115138246
255.10018559899126,1859.5632039402142
257.80479181455013,1004.3172815769252
1096.3482505126785,993.468066199581
1094.1864797680173,1740.8322193138124
1093.770679978947,379.97598700652645
1093.3067384916003,753.1125587678923
1265.7590202290967,881.6098945956004
1266.54792829553,257.71753894884625
2000.6958184651612,725.0754820935136
1439.6504400576807,1482.4587593201059
356.9729412996536,607.1415270744986
1449.2449270587665,1008.9525516701925
1448.6957950783396,597.3254095802587
1448.5382350445452,2040.4345600435147
1448.703412322255,816.9206455459123
355.9457212260076,1980.6959584228473
358.23186056858896,360.24553196745006
357.95609678358124,297.1119278785084
359.5838240752519,875.5904054301293
359.60154741269747,1735.0796788658845
360.30726394980877,896.6521387838433
1221.9814099347477,929.6671144542045
1442.5216901623692,1917.7721871551807
1442.709906414284,464.0034876568135
345.5425388480441,2055.552987811433
1443.2568606770278,1817.4437963988387
357.11109506207134,2108.7476543456
360.4401481599857,1916.3457653626815
2003.9193911834864,1158.2541740511863
2002.9660414874083,1900.757847657565
2001.792966352552,776.0875269863014
2003.9876270388897,966.3995704712131
2002.929600859082,2017.1583084676488
1445.5263220915097,758.2370655815116
1446.7867708281726,845.768732384887
1445.224634954956,1739.7198677367244
1445.3175171167693,966.7408869250723
365.41947574740396,1700.846255606553
363.95682191932735,438.92590950958964
363.06652496394804,761.2132440559511
241.14202154826287,542.779125238624
362.36231177149773,736.073119664679
367.061186444143,713.1451478484294
562.0009207508508,877.0597197805031
562.0073135238912,2101.750726467536
365.8806521517647,701.0973958196507
369.4105150009382,807.7858357082241
369.0171401706839,1689.3634208661515
369.601148884315,1631.9641664259734
1449.7827246200293,396.86345493582036
1451.9755837737314,712.7337029464783
374.0541871718888,1678.506561498357
374.4096093769424,487.98866631332874
376.16489945356227,936.3542440417614
376.29201375330825,1548.6689711605907
1272.2904765148958,1602.2695007243233
374.204940451872,1940.8258296987697
377.2733915034287,1129.93128271417
378.3289756015238,1776.308020052693
1451.0973696049307,1603.6504834436262
1450.4735248284205,506.32568989393957
1450.8143761317397,1644.6840866080236
1451.7696005391301,705.9471901957673
1448.0589627329862,1479.6976219514959
1450.914730043645,1757.1628410257997
1451.5205562562928,1004.0261503987439
1454.393400661128,2050.733564730775
378.5139347521174,460.7371900573324
377.37242671432455,385.0704546406496
379.8083193647126,1999.4612634956527
1151.9473656365649,800.7550832412734
381.3184090943334,765.8272158875801
382.8910783058424,530.8119805517367
1098.85398795672,648.2548862034301
1099.5850384801915,929.6575706194066
1097.0438655210992,585.2517195509978
1097.9241270665814,1930.8024597946587
1459.6996146223391,1931.796352005217
380.40325254408884,1134.7870598146528
383.7370090300207,664.2314841248201
383.8473932417701,1827.3561412824138
1460.8827754395165,956.5459745623215
1463.267899582339,1497.1191036074854
1461.3930496526282,1142.7665117761292
1274.2679950796494,1899.9267901151266
1452.9488662801202,1477.4805261626325
1453.2477544458807,1523.937457430108
1452.9775002893405,1527.7541326949695
1452.7450616037768,1789.5503311878097
388.41522494116464,2045.5078803147858
389.0262377644789,1112.935338846474
387.43738133578205,981.2978198174085
387.1995260724423,1836.5347750474436
390.495507686554,726.9103586349308
391.63581736245334,1842.5640688250282
391.2624500080787,947.6476953616237
389.42003671039413,499.0097762062546
393.0955577818164,1632.307561551414
391.7314497624735,1058.4482472888915
391.89005872161437,940.3395540576033
392.2564950838694,570.5456917976918
1463.4928922850304,1820.6407670482856
1466.4204351639673,622.0931652894268
1466.1627773575797,957.0726000834853
1468.5754840782222,890.8097838075504
1465.6889397770558,277.3764656398201
392.67414710765996,1802.807371270354
392.85354581488014,857.471765926609
392.63131620660846,1970.8532689414094
1466.0041084423858,520.7996091150136
396.34453636176374,1692.6319461925339
392.8014753314609,495.4638670311995
395.7863367972411,1975.2921547247565
394.49377137253396,1007.362329621331
1468.2974240417595,780.7485044479188
1474.560263202011,1914.244913653242
1469.7749823710042,1820.3221002536175
1470.9736985357583,428.36095317707674
558.774399718234,1935.0741590886971
395.180806228701,1760.5013871967806
394.685959696047,1006.1911037881074
393.2220620717036,1831.3399829481782
396.66110644718776,854.3379298929301
395.6394853917051,2042.1501634170704
1752.9729171061347,1521.8513110548272
1751.421988081621,501.2767441092202
1754.2918033112285,1842.801751276384
564.037506852596,713.120902136072
1670.5966404210862,613.5433456414312
1474.7796501726386,1523.2521746390948
1475.1922154680672,760.680210015226
1475.6986400017634,1789.7560084382974
1475.2684658730655,1983.0382897414786
397.0652928586112,2098.317296423852
1478.041346644506,1558.5124373324188
1473.606475868091,506.05298928040776
1635.715737801285,423.264533451702
1636.0453337262256,664.8965343667588
1279.38453440416,967.2761569859465
1476.9402600571818,591.1721298916619
1476.3882172764766,597.3524243618757
1476.9491850781408,2009.7726027575409
1477.132917395544,612.7252164356896
1478.089653450637,700.8662944352161
1479.0007386199602,1847.3530120092203
396.0367120409077,1588.3629471014094
397.1230354918156,1868.8529356993486
396.4627380950378,2064.4896955113086
399.32182052605106,1917.0166153092634
396.96094950305957,423.0415990201772
396.0191967534596,618.8001615345245
396.4972833296108,546.4051651481618
1282.0673986810984,257.61871053281897
1282.6800691957064,2064.8969563459837
1282.7660689273202,774.4629926365362
1281.6775928880124,942.0111720191206
1479.011902054465,855.1228041347697
399.11602337099356,831.7950926504574
396.95551716515496,914.4626450147641
399.548021889421,418.46394012654156
399.2961728059166,1324.7513872895254
398.934888567896,1026.7144402393371
1455.7724617089527,2027.7161948805083
1454.0114101714473,1784.393819046415
1481.683019040713,1705.2152614849692
1480.95722926183,541.6766595680239
1481.4774073554042,1670.9214266591164
1484.2918978091839,1000.8420100067592
400.12244927438724,518.7691875917703
1483.4272583353518,981.0861977144081
1484.534431939217,2048.529905190469
1487.9608800287988,501.3541833208436
1486.1640312869615,795.6140154377103
404.0499022654672,950.8548333096061
404.20536504356653,457.9199700207601
403.178832409044,705.6749371860946
166.48893679519367,452.37452076417395
1488.2621268277753,1384.5801124096402
1485.7178881450216,2015.661797262037
1492.7182818960177,880.5941721786173
1489.1228535928374,1522.3442178901007
1487.8630647631378,1585.7749429156702
1488.4184315701339,446.92930949672893
1488.6703010320855,444.4850138946596
1491.466909382702,1611.3093797648107
1492.8609608411698,1524.6728487417336
1490.9737402390356,586.8597850779005
663.9330080788908,1757.9907829682388
653.7532055180551,934.1161558815922
660.029957325586,602.022236112891
661.9471268209204,733.792305059199
661.5501569572747,2020.0325889697747
409.16052380751603,1938.1239523233892
740.3352218316865,969.6581847274214
739.148882104285,924.9105391636772
1637.834952022164,1842.0583230020918
412.90606617332315,1009.3082816563535
413.64704623206615,1721.41585001297
1494.1742013592832,881.9148227589071
1496.2975052692464,1998.4598035706056
741.9057989955813,642.2137696054199
742.1022155761005,1474.8506052735993
413.80277198925575,1811.4805878574043
412.95783470588384,2019.000978152223
414.0721249956151,467.81290008899475
413.81883559102874,1907.8949535561783
1329.9500606667236,1373.6201677783981
1330.7290460525908,1802.451923236254
1332.8026439951395,107.32199491488413
1331.2081017874773,2045.3979276269174
416.05105758186505,2055.525274668409
416.88996240790436,733.5328019530272
2027.411817096783,2053.9532438506953
1285.282664397918,678.7967201380708
1284.6959492704339,534.9310875338139
1283.8834362079458,1784.082553703706
1285.5491750639674,1882.5449962606756
1498.4353974934352,1169.4864197772904
1497.8321318005349,1849.3633139117624
1495.595826722985,2038.4879661896202
2059.690956787851,657.2801069048758
2060.021138202677,797.2290378368446
418.1516807086448,829.6073750361128
417.36844486289436,1946.429763299305
416.2421379639194,1325.3023734401945
1204.739837319198,849.862923683695
1203.6789076200653,1567.046915707543
1499.1024020763184,1568.5646413649745
1498.2954370434807,517.7266864272917
1498.711907228876,1380.078175560982
2013.0080169408998,998.6804116523509
1500.253010419454,2099.610510401282
1500.514405346369,850.0102176393656
1501.0725648865293,430.7604866860492
1500.6389229597771,1528.2226233635645
1502.041974485282,1183.2434183035843
1497.5528628134914,1577.541793692349
419.1570542979916,717.6337708960656
416.1637611932448,1027.4783823626587
746.6275175374454,881.9146975104758
742.7795614111848,1520.8139289854182
1859.0392400226713,532.9541764362824
1857.2992087005932,1533.2135639118856
1693.276739062252,725.1617618251231
1695.1757589825713,721.8749533299557
1694.0946059405019,951.0561062489273
420.58589127639846,1516.399494564759
421.04672686382503,2003.9855330921825
385.2111392174967,782.2223325124535
385.1258817808761,1647.7401437222095
384.4316331468476,731.9758384840954
385.72067893910247,2035.212346661738
1504.6053454633693,734.6094166942426
1504.0055628619275,1695.723228948209
425.6397700627093,1536.1089219865473
422.5633252092863,2036.3199194003234
1505.9364643783256,2029.415291829598
423.42487873700685,686.9478171641645
386.0140396550989,1942.751296574627
423.5823765379361,1641.7941643017032
424.7269714118746,754.0696968626376
1509.6937421803186,1648.6137507846022
1512.535998570249,619.1203625691187
1509.0692803368433,1892.530021249466
1512.240755873654,718.1278141251437
1511.8889731693068,1927.7703604970268
426.2333397489708,1879.8666256422339
1514.6736254974883,915.2399952858046
425.1460998524414,271.841337838377
388.95525812564404,484.2738452600998
430.9204479170996,1784.684998541948
431.2955879204681,735.0111281193294
436.21264457897985,635.8206416195782
435.4836213968294,1596.2994039335404
434.77328307955156,1567.798565897261
435.70985817457426,1970.3587349540471
1517.8923022772628,450.8293762438826
1520.431646890725,730.7079717386438
1521.4844063667044,1643.1986068436609
1521.0405052636272,1728.507137467382
1526.4570848905553,1368.308854348256
1109.1149510319115,893.6794030520064
1100.557406954736,257.9416019388267
437.61785430355377,1524.71914127021
437.0815025235866,1183.007111444578
436.43939851346704,1577.708933138164
437.44100312218626,724.3517642698603
1980.805777994633,1775.6931271809383
1977.694942562123,521.441411501464
1979.7754991263628,1843.9242312144597
1977.5180550590735,725.5644274239178
1979.1574193804347,980.7106674026429
1979.7615135202666,498.0517993726292
1523.4104044619417,1778.7545124455146
1524.0129095844522,1663.8942498960578
1523.0277460529005,726.904535648935
1523.9757167144146,1673.1383772836216
1523.0647738971447,1721.3610226901822
435.85358674909173,502.23688963585937
439.7463904737381,713.4462067323269
1524.0682804389678,1798.7763857729522
2097.4522241465916,1600.9592486592041
440.1484236365604,809.0783637337987
438.1849966684907,1850.794000152659
439.99225139548145,1639.8178172532062
440.32096485033173,2039.548581708041
441.2781643546565,727.9259526293279
441.5594538832198,1732.6050491844321
1640.1725092998963,776.7081696697052
443.67904552379235,1338.211794209645
1524.7605784223933,1299.637456974495
1527.0585894213439,2088.552208486705
1527.2091831676291,802.7888582683144
1526.2371986133921,870.979064663193
1524.5969277200613,1577.3666516102585
1523.564254121854,1717.5114986209358
1527.4515805539747,1929.5908979631693
1526.9621851662496,1664.7007100782043
1528.0357824493494,462.742983738803
1528.032062687603,888.6250139454175
1530.0470345048955,1680.334973459226
1528.5794694379756,2018.857185615276
1529.250069410388,530.6103791427524
600.8537156574894,1799.2528375127886
599.0188320894147,1620.3467860682192
602.0390366930026,1957.2142888985534
599.5633822618205,1783.1676345705139
597.8792516269514,2094.3877904991914
443.3305630563735,1003.7607307061062
447.92763864809183,685.6769723457799
551.0766009134875,2070.9627740705987
544.3374549374556,561.5542470703273
657.0220515399322,800.5841080565601
655.9988558994119,750.9617515188323
1302.4558629341814,477.218611774439
1305.878325463043,1919.720514608483
1301.9280964348702,1755.4939683670043
1783.7344122336212,1385.3562846376767
1783.9482086082812,2014.836743040677
278.8124936693966,241.45088058928903
276.02645769397355,1593.4201881350862
276.8871999592936,2035.9190918340805
445.69424242531903,447.087673106912
1532.3428085015807,255.59982910973656
445.5710981428248,459.4480280571734
445.61813391940905,1492.665951207402
448.8046477322415,548.0271737619029
451.4454834678705,1538.713138436703
448.31723706562104,447.6896837763219
449.0270700467371,521.6921233965993
448.0281344501915,1820.711308760445
450.93946028229715,572.5941695424906
448.9308334921183,543.1890696302584
446.28674869018784,1818.8096405763388
1534.3895067834135,533.7208719421062
451.55513700542184,1681.219134689519
450.6802041816141,482.31143970562806
1536.0322968563532,1663.4584784313674
456.2899419449261,1685.4503856261995
1536.5405629517384,1822.5242756228101
1536.900225963386,780.8093299071243
1539.5801434599928,1786.6466778650338
1110.6912637166686,2047.8485422264794
1113.102237992227,1605.2116136366699
1113.9578738935306,980.7379332638297
1541.5764599801503,538.3609355764326
1730.3410106027768,248.39540720306834
1729.8764793207904,961.7314670434389
454.3190937530101,724.7011773038812
1643.5180883807027,656.7371651511703
1642.073234503384,258.2162648337761
294.95317910686543,1153.8354244569616
1543.4284989993557,1956.4547746421622
455.539733919716,1626.9191236157683
1691.8956355402304,1739.9226896100256
1691.6976150510086,914.6139806865178
1692.5779774364116,509.04803343115844
1690.917127353051,1026.381250731112
1690.704100065881,1958.2760201216945
1543.8179363731908,1576.013415014797
1543.9359684049646,1783.4129154282518
941.5896667350863,942.1352890531736
1113.8357142173847,1899.9942044600034
1113.5516580708018,1968.1795823516363
456.32567260876357,868.5597798050658
1292.6307407676895,792.9558041971961
1547.1863719671521,509.0062636465344
459.23272101365,837.7866119405616
1548.772911321471,1987.8092283585481
1548.4828462150451,1835.150183056128
1549.3872837082508,1923.9421231718889
1549.9442165086011,1507.295869308265
1548.3849409389002,585.257346413407
1547.9702511182722,1837.8801799986768
1545.6256381838384,718.7149834975753
1549.0860277768202,2006.7227568076232
1549.8493333724887,796.7544111854148
479.30851443132906,482.4751940294803
481.26270144707956,1637.4263669096097
483.35576891245677,837.0143755349832
484.11555441103206,1693.3514567461034
481.13191624644276,1679.1488737929017
459.1077731682165,706.9315523221351
1958.62997169629,1015.0578294968534
1549.9208862773996,956.7644564881317
1550.4889418921268,786.9838445606712
1292.7980131725653,1015.7555375262646
1293.3337101205873,1705.579085840892
1294.053655473194,566.1084038264612
1470.4259102576934,786.8452052176156
1554.198760047405,545.7657361573714
1550.1860795735215,909.2266531679692
1551.3847199925917,751.1240413810193
1846.6386931544134,786.2546253169265
1848.9160102476328,2034.856691485862
2064.009130398655,1311.2198179516058
2064.3329386705354,976.3146261387313
460.1220778441557,705.1262635923267
1555.0929109402255,1952.9856897225952
462.67216637073585,765.7044803692582
462.83814427623514,788.2266612725404
462.81241698515674,871.2519037828233
461.1158833850186,1362.5311518040824
1556.8379118981613,1669.899436938717
1555.0468445109188,2077.8991616311114
1554.1671242395134,1153.812279350194
1555.3812049510607,1362.5987870424997
467.72859059104604,2035.5452625385315
515.3259693129636,498.0800500756839
511.1539581771744,2101.217806021403
513.4862019988233,2043.2876823170502
513.281163474351,953.3111263388852
464.93160575836123,1636.1138881798047
464.9727367192212,1551.6457212826288
465.1734149150577,1519.5725339202893
1556.2869504943076,509.74036031721414
1469.6984336543603,2062.2363949025194
1470.412675165598,636.561266980842
1469.5822292373493,1568.444471753748
1470.5307507137784,539.8197199741398
467.2149755249787,1861.7115833236135
1848.2906008428843,624.975899058498
465.90525903064014,1846.4048665255445
469.77426323190156,546.740765856256
469.24129628189377,636.8046984996943
464.5109021307224,1699.0007209690802
469.10590107419875,2051.4660199517016
469.31071181025317,751.5272925373331
1856.6366789375672,2051.3023415108414
1643.6266230111628,1367.1558964628446
1643.588948517413,1728.3456642513454
470.3153305615077,1938.3218226168478
472.8522493205016,598.1779463166164
470.716700742573,1591.0121658357725
472.6402378296842,646.4179408750488
471.98428292086265,1623.8151615241302
1560.9423079805144,884.7636501769741
1561.0282594830821,525.1610635641979
1562.3795370211953,561.7479617610354
1560.7451223876722,951.5910694664087
1153.8984980682287,1888.04066629747
1153.360933222349,1913.5464536792774
2023.3338413928743,719.2077920038303
2022.9561251576813,580.7330410544051
480.1655495205402,1888.079390968167
477.75168507632156,1917.7448468090709
1861.5467862871683,1854.5351979463105
1564.2269431889138,882.5653806682088
1564.614887104195,519.471733784119
1563.9614111738201,687.0309156800832
478.1923747362036,1343.0439894071544
480.0824986841438,986.8012314852491
480.3489549732619,1737.9774285003457
479.16502086523565,1757.8682001197014
479.2986407877495,1846.064495061642
479.07267970758835,1599.383828018734
478.18781588531084,1003.0793344506302
1567.2858090977504,740.8484548330414
481.43162996367545,1000.8206332764499
481.28042110825015,1819.3958180438524
1474.215406767442,797.9206730967039
1473.4999068833492,1944.8489327872994
1474.1752970138803,497.1901058031955
1473.9788163428352,1952.6784396095964
1567.665930656551,2038.1033531539608
1566.0687428110004,1850.0161456453625
1566.116119969293,985.4849907233615
1205.7693911066087,701.2600129493323
483.46970788911875,703.6345904292957
1299.3506438807117,1157.3960943817706
1298.9584771907755,1983.3229735040775
1299.803077011677,2089.7028174771435
486.0403106356714,505.1298417966979
1882.1819279276456,1784.4506188262565
1881.8951337039534,806.021446811219
1605.36352267657,706.3586553195863
1603.1519820793876,1643.6039494574609
1604.273124826671,2011.4109744470713
1604.3229265550115,585.3553847285372
1607.9374363590587,1846.2059524159406
215.39945237161876,540.3331899477587
1569.9723535954915,641.7595614187538
1570.061585394118,1783.5958868301784
486.12924584322076,253.0299889237946
487.86369148455526,804.889868499831
487.8385296894338,599.2900241267243
487.9595800563933,1981.2270755165525
490.17461189466474,1723.3489360348185
485.95747991023035,1919.750870176257
1572.9421124223422,851.7627763289147
489.4880930232743,1909.549277920584
490.58255306268643,739.1375002037972
1577.1163165002251,1736.4262472680718
1576.619199766493,1580.887834496329
1576.6597325938071,130.22809920381198
1577.2136485113376,642.0697465627703
1579.8496049440669,801.0922149619807
492.88724939733214,1737.5695744271775
491.33674958306614,1990.5675309120245
495.9927990966991,1688.8494247295673
1709.3218277157864,515.6240215774508
2040.6324935158414,929.907498857218
549.5334230479731,779.1408989581909
552.1514951166571,1819.5558899246519
1837.2592486839208,776.4438220884666
1836.8247404480592,1899.942241458885
497.33673520988043,979.4447300573108
1855.4060018998923,568.9307570011629
1576.4175756337913,619.7949722583679
946.9592053921943,786.6420798281025
951.4443959435387,716.8826013535034
1584.0089954762643,982.1880305705536
500.58247450455536,857.5802971768807
500.4661758882848,500.74763509610705
500.626063924724,1886.0454189119455
503.5779946394665,795.7021651211859
501.7208036973509,972.3710409411846
501.477193212315,933.5071491719794
502.2905777070511,1813.8488201888845
504.9802053179314,2100.8935182020473
502.0373781187359,725.6499221860679
504.1020343196627,1557.5741105502987
504.03366833513576,1133.01966347146
502.82107226054035,1503.2348558206008
503.35906349924403,1611.972829230229
504.96733441788024,1917.0319103350835
757.4801870890036,1784.6831019000615
756.6986444061511,259.5693202998609
509.7238022393905,707.1134412921896
505.42658497680236,698.0436265590297
505.6451845379949,1645.540967191072
505.53061091133316,2009.049950139603
510.1950887403492,611.7571982521904
505.9227988655862,1845.5584419725121
1587.057393291232,723.592982210801
507.8982162386511,2077.3910620181578
509.47060269325465,2022.5709563872965
506.73515495845794,1655.818893848657
508.69093364267235,569.4231576879671
507.3611635968401,851.0507981277902
509.8830284069214,882.2217267714179
1588.174400976832,1220.9323957576778
1588.1134403124684,135.58105239178136
1480.0439441419874,1891.8192146334163
1479.0397787250402,70.65793625548649
1479.0929257151683,890.5654077328385
1589.2377719873964,1623.7533770137193
510.83158503660684,725.7635865170822
515.842282846383,2006.3251424105526
515.4367141678988,953.1064469709617
1488.2119154153986,1441.8775164733709
1591.7812754601978,854.0635906868215
1592.5408679219354,754.9913409742511
1595.0464714160455,1726.2276417293747
1594.1724538151104,1651.8955970752324
519.2670477427188,2030.2924849104074
519.5367789429808,673.3621084116164
519.8174975140978,597.9844030258993
1594.0992381187345,2037.1634611271666
1596.0015896606124,1849.8019307457291
1596.7372397462539,985.2693192128986
521.6523593158508,782.8520325672577
521.4299593786529,855.4499097029911
519.0211833959576,877.1953552317729
65.98623644723439,1646.7398183940638
70.29078386780496,758.2350702534909
523.1745144196918,548.1344359556238
521.9064863625272,1652.0435121579471
521.6401325420532,1637.87507800034
522.0384910900142,751.5708141620723
522.0359407705527,1841.4449131233482
523.3994600127326,726.509079943108
522.1525291001116,848.0535159222587
523.9617615632824,1599.2049663396651
522.7999081701372,1912.297427237101
525.0580370743853,711.0442128173656
1599.6280208535547,1601.8225101925902
1602.3028017898218,938.9922527469737
1598.2770688783703,612.3842622962928
1599.872318982343,560.7570777420033
1602.634934776586,578.5836846650068
1600.2754637928817,1608.0153961134552
1601.7746311621938,789.4120061744528
1599.9565430503726,1885.3118030822714
526.0229647857343,1578.139546110453
525.0880611920182,1666.4878695016032
525.0910819148627,1008.5264669062778
526.8942909370471,1902.5495857408248
526.8714769541547,1934.496119757319
527.634260829826,818.2826020672484
526.2660131600807,627.3505891561535
527.9691214583816,21.185158695901933
528.4352090714915,2063.3475860541985
528.7300270302838,1753.684903063657
222.23834145066218,1784.2606652953211
400.1405166414839,1922.2773460100725
532.1772251069825,845.8388118185389
1605.535254869723,979.4398850916572
531.9578792280103,946.6187297033506
763.8083709196674,712.2614192121265
763.0126628140953,1701.719217076241
535.1766946015211,989.3428848412358
533.4357916251987,805.5439022550839
1601.885159767334,1760.9223330646096
1604.0614528538995,1851.3462658808357
1607.093979698335,2035.8984089726757
1606.1833291183598,721.8312002249038
1606.134507836737,1604.1486220376387
1606.609754925307,1681.136040841866
1606.2576671728064,1767.075603050757
1608.3161000830805,1122.4086098184514
537.0274208894684,592.9304368656561
540.8794275666905,1979.6306011285483
538.5292721035951,2021.0939484807475
538.0459179721757,601.1666263336904
1609.4479443541754,783.023050820691
1609.8756352088121,1503.7664740198202
1610.9236123824976,2016.8023081873025
1609.0297196108058,1974.2224258003323
1612.661655655285,1759.4549145969047
540.3742512216305,1834.684449685175
540.117249352786,1019.2929470040425
1615.7027745660612,1722.011845888203
70.79073773300587,1908.853910634515
540.954917479588,1774.2282609772697
1618.5109648319667,956.3715003645902
1612.3145993925452,1943.741154873486
1616.5637478333695,1728.7538947645837
1616.3956312221399,573.4228209437899
1439.5657881393786,1558.1684146287805
542.1449392619897,919.3364397889434
1619.988555958493,719.1404026186576
1619.837696769853,1784.1500475798055
545.5431623357539,257.2621629517405
1502.9739559618474,2017.1906686744176
1621.4662622827059,870.1510225826913
546.6664703881754,134.11320266919626
1862.4721056394549,879.8067623214353
1862.4430097253587,1638.720144163666
546.538455200181,1629.0270014592759
548.6759318214604,636.0329470540081
547.1894490273979,1770.8581945247213
546.460423726532,903.0348241205071
403.74311395855074,1664.485060788023
404.58213699819555,1775.9286467302495
227.24613639059345,1771.1053487268514
1624.1089759791882,1337.4808436756944
556.7008587247275,1678.7874386182154
556.3038078705122,2017.8209820320876
1625.1390227252082,1846.5879023819334
1624.763324780286,882.3613397781701
404.44815119404547,2064.5998476668315
1120.456711933558,1630.8888318755266
556.728169001401,719.4821734081224
561.1608148741342,1745.9346656840216
1865.1220179313298,678.7978862894237
1866.067696126231,614.7375166086133
559.8697077430447,2070.143434142628
558.7061518413936,1538.6891890345087
1627.200280158578,752.0744334615537
1628.579806117327,2051.341532565824
1628.4948026928948,2073.4204968216445
1626.881468874111,945.6041063875396
559.7681205445473,1940.562935365598
1629.3326580632145,1382.0686192519745
1631.0226468563021,583.2008377984557
864.6826814142195,1967.053456759228
563.3512370271594,1427.2312661829662
565.3150014558861,687.6667499740134
1630.41816911841,1675.3197548560443
563.6797678713625,2029.5119675716128
564.3650072769715,2075.29288761853
562.5430028079132,1505.0942250480227
563.8022216300532,1784.797302496016
1971.0023687218882,984.3610885807715
1970.1039856426203,597.4375170397211
1971.6907348929053,109.66788088628762
1635.4262873976272,994.7931662292457
566.7338156718956,1562.3369990327726
566.6057568348758,898.444466953299
1437.0155038758146,724.7086752732229
1434.6079952953949,1670.6798549400123
566.289069518248,1013.718627877863
1638.132411732385,2050.4748380069123
569.1424148189052,1705.1585284247806
568.7683546477056,852.6725418403219
568.962970940247,569.3313246051451
570.4977173469499,704.0897269484575
572.3868160165865,900.5222879237135
570.2016538079083,1772.556218315669
570.2915612813295,1819.9044340411156
571.6257464913302,1059.1697212808356
570.951108973382,2051.2766202537878
1640.0217582442801,1786.5761488966418
1568.5296403052187,2059.7234729508536
1569.1005520130514,1774.959165760032
574.3280614295315,2099.614743409241
574.2900462857904,733.9761687588004
1659.6712402114447,255.40853230960363
1661.1490396060199,1778.2003841681615
1661.1352291893984,651.2181718695783
1660.4944655647846,605.4843712999469
1662.4918330462847,653.8858048564286
1924.4306104988825,1988.630248571733
1924.148881749611,1514.6575787182085
1922.8185716414628,804.3451479348493
1924.5866582137414,1839.3700436134602
1923.1655835543831,707.8708377279361
1924.290305488513,792.6650281339439
1643.6946287569679,652.3732762165747
576.1699649633988,2006.7697944686147
572.578645658768,665.3791456307918
1126.2019197863613,160.05697103395013
583.9248404860999,1818.1883847917409
577.8889646484939,1699.0201227360633
579.707344496873,971.3370630903546
578.2252902387653,1840.01570196805
1778.501502030928,1900.803630644722
371.14555687912923,1895.2902270022473
373.6983833458399,1575.6136577319146
1649.0323904220097,1918.5695543124998
1649.5155907307815,622.1034202328304
1652.5130432030935,938.8242979962941
1651.5314061803824,1305.9095510463446
1647.9766946767302,980.1123537646732
1651.0053762906423,837.3602274011806
1652.5875642988049,1392.2207233231957
1653.925553513856,601.3734316784115
579.8238879276594,1961.2759221165304
1649.3874957032695,626.4509638736915
581.7169773543862,2080.9695394924324
580.4564877459127,1995.9224381524862
582.7137436062941,741.5161172148196
582.978086972715,643.0503339481721
1653.0769845801617,1552.2564274086158
1649.6046007713644,1920.4231899203478
1653.1801574416763,1697.7324369293246
1656.0071894643743,597.5212216264242
1660.1230701765974,1137.166346366597
1658.156385467726,1881.3693657473152
1663.7954428001067,2087.0578590270056
1666.3566412608393,822.3865029033898
1665.0554119121152,1509.4904770608564
1664.836633500756,1805.985811040401
1664.1988699083972,901.17712391463
1659.8978558411181,643.0678758186814
2037.420244129168,1726.6919694670607
584.3549384963616,579.7582067782007
1661.629018034664,2035.4798344829853
2094.532569824065,1976.3261959631695
1663.380119322075,2058.142284155178
1662.093643005472,2094.831899287468
1665.1743753476082,994.1355167286599
1663.9996255251983,1925.864554256366
1664.195859649012,1779.1451639615489
1662.6444285878122,2101.778405196577
1664.4290037209753,770.3686330095148
1660.5361134041323,978.3730030338603
1663.7133403253358,1724.737451454522
1663.5920686171773,614.7994094360549
1668.3072214082495,2049.6586621799497
1668.4679014857786,2085.3211177067083
1666.9592653844934,1581.1731074838233
1669.8650820279418,1886.8212603417455
1667.5145569232163,1913.6933167884415
1840.0754636425231,1516.7135053899826
1837.4663028009056,716.2333376047109
1841.8188042694587,709.7049957734689
1837.7377280532073,1504.1403598593065
1838.7258677929835,2004.9669963169722
1833.9532570839262,1794.5230726924108
1667.5694994559822,1429.5310388810035
1668.4893566523565,239.70219065659234
1669.0039701502258,1595.4193778692072
591.1091091483105,1814.5598965010727
587.3391758784744,1720.0294350143304
591.6271880380101,755.8215349877009
589.5501768927137,871.4963834131358
1671.3875547573805,1795.444968491639
1671.0436987802022,1557.9529106704601
592.3144501396146,918.7124922148623
1754.947712855763,2043.9668412296387
1495.0552232769155,800.2277573739457
595.9168926940529,891.933402580056
1678.48271693105,1742.6770313170298
1677.2917355432292,1745.3962343917415
1679.3014521549076,1366.8975999843947
1680.330914425364,481.50439067980165
594.657196861415,434.0850180048417
594.9768227005743,907.2764394450921
594.744314031187,995.2105040129136
1682.2405254868186,2089.208161471287
1681.8562375153194,1690.4539443494289
1682.2889610496427,905.6818278183863
1685.7067570761697,825.9311631029781
597.9111957592874,851.1495053951186
599.4150680323684,591.037739368121
597.873311282713,236.88715894186467
596.949789681508,845.6859099704442
597.0543216886774,1005.6305956378125
597.278890265835,1173.4773581036357
600.0289010342074,964.6039319526315
595.8852658356495,604.4511628193866
598.9955385472632,2044.325912267821
1688.866330681281,1156.5295509993232
601.7038493883109,643.862096871376
601.8019598197285,1263.55953909203
601.5596054031416,2023.8897253469875
1733.0055786534474,714.5731091822286
178.38763809743114,609.2413292601252
22.308733586284063,1015.7127090545285
19.803832004036416,627.1053538772786
606.5324544935501,1921.1388706064872
1690.8501394920952,851.1594141077464
608.4302943700818,702.001833551785
605.527333289056,258.82637047594955
604.6477522044825,773.6596431179413
605.4369108750157,1782.109976298202
604.9776734437278,650.4553272671682
603.480381032273,781.4009712171589
606.4086519683492,735.691855515566
605.2424080927879,1010.6295953561845
605.7432928374388,1783.8896663757776
611.7042188490842,1870.8596204852156
610.5418472068156,1787.988180463044
609.5203657933489,954.8369304029649
1482.810209130147,266.96253639505676
1483.8121624285711,1707.0439097557578
591.662205859459,1935.8008918645037
587.8019977569264,2024.8702190964643
591.7645949002325,817.4225168468046
591.7507933356396,851.8405068678005
590.367512470364,1933.090138637584
591.5997585060458,1174.4597732113066
592.6511814861688,1717.2099080558726
613.2346898426524,1809.0627166449578
610.7144798339615,892.184473821003
612.4717865111504,695.5253517794442
613.5500690224909,1952.5659397913146
2044.2717683104852,1817.9731378012605
2047.4135320772507,2045.775859112186
2045.2014350892634,110.89167352685084
1130.0717498608637,1940.2340561057724
1132.4024777255893,2015.0749603992767
614.564276124298,1000.9745464307297
615.4379819677478,621.9233242089854
616.8624304366085,1726.1083716756489
615.9712324439436,1574.0128682826626
615.0495269800964,800.8596641097207
615.7801121133142,638.3233835101807
1132.8604355050757,1938.2083890710414
1695.3948529624631,1699.9919827976125
1697.950536749052,939.343170002358
1702.1885577044523,1785.278128989869
1701.6865491074464,739.104342743414
619.7770877567693,693.2753589545026
618.8014272220795,794.5530944000122
1705.139491288095,981.81781199271
1702.4130730084207,1155.3948310433477
621.8348537955832,549.6623352826169
620.6212300907681,275.5878500461974
239.2769399292076,1430.693102644144
241.5264207245228,2038.239665916402
2047.8608541735625,1855.590879897786
1709.1221318221446,960.7640917934083
1711.943828698528,993.1980602156459
1712.5327735729252,933.4103138551121
1714.4756181939931,855.2077948090423
1714.280730358813,1773.1031657550948
623.1153726690773,1917.8083502951176
623.2462730557411,1532.1747997109442
1716.800745504734,900.623756231101
1716.5610579153804,815.8159348524971
969.972833159093,2009.4407394163827
968.0246272191014,585.6788229310009
626.1754218039492,671.9763809395155
625.4382060847345,1999.5214879558537
626.107487583081,814.1413258256711
628.4922567406927,2058.6614599092036
628.1782476863864,873.4552804485775
628.7991057097404,629.4668789952802
629.1021269182029,800.2321321587503
1427.8016784159595,728.7604508436252
631.0440647117358,1776.7998182537249
1720.141063760041,754.3960251297035
1720.6144613188544,915.0701927644517
631.0621949275212,1980.6231162281688
1781.5724879729164,1572.2309138436299
631.36490616051,2066.5526606315575
632.5646039408157,1753.0267724907712
1726.4383756407756,1155.7323642930178
1726.2379795006182,726.2179279839216
631.9664053038381,797.328618530364
632.5599353547789,996.5288106950923
633.96607284398,853.3659423909777
632.3919130177238,1934.592771721336
633.5069816583876,901.4918485627582
1730.393341211728,849.6514645878767
1727.8607458399442,725.4455861743593
2066.4952281597834,1972.6934299821812
1573.691526347238,637.7739178006839
1731.7664691574273,725.3582316562592
635.7402410375151,860.3774870391212
636.4880464245831,2014.6908542356132
1324.5978879874015,817.1486298795977
634.2980091419826,909.5074929460436
636.251540692244,946.7845007243238
1734.8288194965728,970.911345437483
1734.8447153877953,2052.7421681676196
1736.1598660035556,723.7001111844661
639.1173486747592,1155.2426004801246
641.8710681679257,1788.0892877869458
640.4847850126663,806.2251729149706
643.3930149460156,652.5193008903152
644.566337281919,2083.50372850527
643.6279783143783,1993.7816888302916
642.3088995363748,1928.712422151426
647.3557273348537,930.4910241998721
645.1015640104758,643.8184016872386
643.2618552348131,922.8069987992199
1743.5662158791156,723.6400793544054
645.7938077614707,684.7393842743098
1740.5951148902116,992.044686727061
1744.2462464900582,719.5914409348369
1740.8692018124884,934.4885234568012
1741.6684550630116,1945.155655110883
1740.2015237080534,750.2950073032583
645.6430727381075,757.5397802531188
645.8377748808311,1011.8432259073012
645.6324744571741,2070.482563269886
646.7341875346457,966.8388180517074
1680.914090019639,1749.4354312696514
649.3190614209099,2082.289635141934
646.5219124652594,1992.1257425949593
649.773399258013,689.3026198776163
653.6867763028212,257.70868861695766
651.4091329712612,1009.6948863495414
650.7398993672801,657.5927000229001
1742.6803255829072,2050.842730135657
654.1905510688138,262.732655315733
652.961636137176,1781.8002416376146
653.8420557155896,1007.2187886246463
245.40068489372496,1823.4593061066778
653.8167766506202,1784.7964218974757
1745.4742231051669,1999.3300063575027
1747.7727064094165,759.7125306242489
247.0518117558993,442.1704370625433
249.16165848518918,1942.9640752525424
654.4100910040167,2056.984977728
652.8834989253471,993.2382723277458
1748.849118972041,987.062587684553
1747.0403378441913,1919.784663958709
1751.1358069990229,1021.8589312237405
655.8919764598799,1001.608456296155
659.6867347585446,733.4466790559269
1754.9271924772431,1918.046467543313
659.1515848561049,256.4580957221681
1760.1895057475642,585.5053178933935
1756.7016420376299,1645.6409427585752
1756.390237768505,2009.3890447614003
1756.9198654397942,1845.599511774648
662.0736807544641,2053.0190693301097
662.962210145682,1190.039328187209
663.2468681805026,2025.6032844732504
662.3244444499022,750.2405341859113
663.7041381888415,663.9424162609567
664.2044441487465,1714.0625012554642
1853.3877176007095,957.4287460737637
1312.4522694313946,800.5222195415625
1761.5546977547424,1005.0729255205248
1763.461985726662,857.4745217343991
667.8677814714534,742.1562586338928
1764.6338207847311,860.5680193129185
671.7293273644318,1367.4819844397077
670.8205111086698,275.66203453499094
671.6978131817547,768.1971114004169
669.3753766587917,648.5220323851004
674.9587415649551,1335.1020811989144
1883.4818262973406,1745.3737387032345
675.6341793860158,1786.26837406317
253.71852259449284,1928.3355007710186
255.32693726559285,276.45306194626875
1507.3448645554781,1517.7180470573091
1505.4908709493602,637.3329351399015
1505.809451662206,2104.6487370678315
1504.1163795270706,920.4645800311747
1771.3372372813355,853.6948692244393
1332.3820876934683,1880.2999871073887
682.2572451861131,768.662844889644
1775.2138142038975,2060.829780208018
1775.7528500017775,855.5366115066479
1777.4836390190842,944.1620207908518
681.9200444882724,801.1354962753584
683.9379600476925,1002.3963026031086
686.4401280598194,1212.8929582423916
1780.6741830856215,955.8982997227979
253.59355655946777,1814.587522869219
1782.272005457978,1010.9580258722299
687.7435889482097,979.0113142303046
687.8624680807237,951.559625993705
1786.606947568493,824.5103533184605
1785.0146357456617,1951.4181881807165
1784.970180689439,791.6770753701119
1785.904465205257,1988.8574671588713
1783.4765215994607,947.2078634872993
1783.8846299881766,1893.3041247040655
1786.890766801719,771.0785200477123
1788.3800860695621,1869.7484430710713
1785.1822565629252,1835.3282251525725
1786.4406822115875,955.2040112390494
1784.6770877817012,2094.843117258245
1783.5181431886338,896.1425849882279
1785.409432783042,1903.2970545107526
1785.2454178036746,1020.3700382945292
1789.4253766766774,508.0975873998385
1787.330572636649,2106.795189837514
1783.3354115178975,779.8758994659707
1425.859359603286,1891.3133422076141
1424.2733583170989,977.3325267373951
1423.068479862051,950.0967012077516
1787.3808344470008,997.7622599240973
1787.30444104079,958.6590002678159
690.3255033640955,548.0573002588849
690.900158998782,294.5778074639708
1691.6519091709843,926.4078786005823
1884.2110590004431,1885.6367527223354
691.1846400389061,691.8933222790572
1787.8062054807028,1024.8502989272547
1790.8521641402076,806.7050306267522
1789.179919491733,760.3591765782953
1791.2603623473667,1522.399500766069
1786.2385365881653,757.1461439013619
1793.6685158779476,777.2872083457702
1794.5874201367278,1517.0706734224568
256.6504457865861,881.6923099129602
257.1918303618135,2068.6008958746515
256.5430492859342,1010.0963726184232
694.7246991496037,1730.67823217055
698.1825128294919,788.5073118894855
693.3043232523715,755.7200072763698
696.4996639817342,1816.5081040008668
696.6995005600414,724.3725506262537
1790.5146587577105,1780.6685839797588
700.2629976374976,1338.1231781029583
698.5349591276563,1645.3232315434461
699.2996952095299,709.0544237266
700.0170178540664,1876.807489218033
700.8015464013753,698.2116208350407
703.7301817074623,1706.991467344088
702.5937382323611,736.7319734003291
702.1159203712906,2066.645602571497
1799.0966245221528,792.0503606589144
1799.1936911499563,1987.908888910414
1799.237148793769,129.44215120070913
1801.6965922739828,794.4410343167001
1337.2259723150325,738.5451602188574
1802.4715707139728,1802.7241672832458
1801.766587173822,729.8262790361669
703.6350901557752,1942.380514930338
704.138324597135,961.1423300423905
254.25249431214118,238.40882666841438
252.95580397698245,1816.7287389502515
2079.1836962055067,1968.9824773080527
1804.594477457086,858.3799346341191
1807.0013691496194,1004.3833720005572
1805.7903366424493,110.62391388157256
707.2407836846387,1645.671414384404
707.2366880383241,1000.5485191076663
708.5209311886442,708.2540170781426
1808.066247232183,881.4522318746519
1808.8668705544305,1681.0864081090972
1516.7614828310539,1905.1729461883172
1513.6625077610324,733.6625560330755
2103.5452766106164,1989.681776034456
710.7272605812595,1892.2457049105576
711.6275093174794,952.97001714164
1143.424246899629,1014.0138899042971
718.2063576811412,1990.790122608448
718.800598804365,805.7714596060963
717.8799041221292,640.3066857883556
718.6368985801603,965.1831015646134
720.1842836715894,794.3924050971824
1817.2455807718156,1943.5056928037668
1604.0619844681487,1697.5589947379008
1520.3874661569168,1988.8975590159127
1516.3177223193397,601.7642330569173
1517.881884522888,639.5202555724364
1517.489409611677,792.8330438018637
1821.2431750408873,1985.4801004756378
718.5651654276062,1847.5212335162844
720.6492683777907,1003.8972375765695
1823.5659615330906,1861.575026957901
1820.7021163032148,1811.9992916344802
723.0213022575708,725.9800786531064
722.6493205342952,1853.2303141860102
723.6488160627964,851.5109476550871
722.4784527392429,1218.310205624981
722.9122840072476,1892.211143400985
723.7629949219331,1990.9315722276356
725.6023521374932,1934.502255314157
724.2334100404463,830.8603643811165
726.1820902969872,950.2828894059222
724.9722025319951,1971.6029739116873
1824.4792042078134,726.6933595269643
725.211690168973,1777.4666872764465
725.7760970570622,1845.7617690412255
725.8531328156782,1919.329413742068
725.9764270320932,1722.0602185387838
727.8436938429093,980.0754394344161
1825.3772534873324,890.3921323110571
2007.929540381807,1021.6897365728964
1827.289773689759,1008.7905209982226
1826.2136002511177,984.193526384425
1826.6352423815235,1013.1602078380882
1827.6302306381444,1024.0111660770028
731.4468015521009,2063.0498432170725
1830.602632033491,1830.0460597430497
1831.6810753373159,2039.3569063612708
1834.025989958752,816.584633343477
739.1410686810959,1264.915733879996
734.1780104415565,837.5654411866649
733.6717334719262,2018.3696588481403
1834.7558685188635,956.6432128512477
733.7165092328199,1976.0942673597972
736.3837024232727,875.258171551009
735.4582573470739,922.2725496760523
1264.141094384694,2018.250017515492
737.2945366933164,2067.73763015376
1838.8576834687237,296.46822684231034
742.0036611147781,844.2492088330425
480.8345400820653,993.1443860182794
745.5750785406495,946.4374441458311
1843.351900281149,1561.3244306291967
1843.4392033252343,585.0246879437609
1848.1760595445685,985.3817090647193
1844.3440756188497,2034.066211276279
271.01776048622276,1937.0341816399168
269.8460810205074,822.3897486092767
270.99407329608795,855.0155123557291
748.1192650807086,749.9981133425038
1974.951798727914,2088.3603761296736
1974.912308127821,2055.3556798344425
1972.8197727612885,868.4577359024024
1975.1557702591474,834.1677040273842
1974.3517362113384,905.9259682901616
1976.468311339713,783.585567517808
750.6425938450523,1172.7986042381792
750.6114581900753,878.266006687076
751.0898515337442,786.1093682232552
751.035557254434,1920.8200892826358
1863.9217061294373,1745.2628129863695
1645.8838976970117,1643.8643284087334
1644.8017686023452,1004.2585059298066
1846.0321998441966,975.247467418728
1852.5108680649325,1780.4943968982698
749.438385801853,2055.1075668957487
752.5418104604191,905.4516536726918
751.7857285763233,956.816276103225
749.8817632925311,906.0371941198694
751.7722012938971,945.4821592833944
751.9532670417472,980.8818188420321
752.6268588286767,782.8918851809744
755.1674698157275,1532.9606565957301
755.8552227327837,813.8755940138703
754.8770042632133,916.4631865254215
758.7430563646676,966.6071925874355
1593.526423354733,1429.890539666887
1593.7809188861322,2036.0378710617586
1892.5446922464353,1527.7554797387186
1887.6709896768102,1960.242006119043
763.2488660100631,1522.2779138961844
761.3813581123933,980.277009812935
1857.7884300666556,764.4292649717064
1522.8322434630606,806.5552962744271
1523.834701297643,1981.9445194416194
763.5870877446903,2109.0718261520865
1891.8149078111703,649.2600341888465
765.9116281716506,946.3687718423148
770.2778054530643,809.5323016175098
102.81598191744636,978.5047087159866
774.0678110851954,798.8754565210727
772.7776748503686,945.7699598395466
1311.6604364926777,976.7564269068569
1867.2779144743727,993.6825001539826
1867.6547107250701,2101.397057669044
1044.02100485366,1815.1490995044385
1043.0028995457108,1880.0388414478887
775.0484971153517,838.1040182383535
1872.6234631838306,2096.001747485986
1875.8309021355735,2004.4217907546797
776.1981903151841,2016.7737082127237
1706.3894150241051,931.0902319275613
1705.8780718855198,900.9621965055609
1875.8331738835188,2064.9045452801106
1876.1109754315605,1750.8757196745898
1876.3460364662378,904.1106513341367
777.5884927390803,290.97219492750276
1876.590778262443,2008.6284370193164
777.0800367792523,812.8268199591259
1877.8807319598056,887.0150711257447
780.4314549121085,1951.9602531206976
778.3180260291696,1902.8288539581408
1878.5756620831037,860.8394805734682
1875.394342873843,1304.3819063278556
1879.952282867108,1557.7809618238243
781.6940011704016,919.0921731999679
782.2264884469026,973.7973404166061
1777.9998835513547,2100.0164293037
1778.995244539648,1558.0008564568484
1884.4225804331704,947.1010435133867
1708.4081314090697,269.84096736195426
1706.2554220635425,1002.0054068913913
1706.0621263293147,2093.7897690618406
785.2436945077369,1170.776030980286
785.436099524365,875.4525010695536
785.5533510660289,1991.4862445305332
789.6924932230103,2049.0346494690484
789.8654406175212,803.5946289752989
792.2153845393223,843.788860366016
793.9106804263663,1948.6558583947383
792.7965578160215,1889.822723756369
791.8529275171608,975.8170215366544
795.8580213263753,1326.2237463867812
1900.9210997343296,1022.5354438206682
1899.9014283628735,966.35179537368
1901.5453810153165,2017.6911465826508
1891.7705447099238,584.3413420401333
1891.9895141823247,977.2754894447004
1891.050036348298,951.6273186937357
1892.5257575280482,134.53496536377978
1893.2280940975074,2015.0841470221455
795.6052011296913,2097.245746834271
796.359814200789,871.0156662823321
109.07980381433568,1373.6276855964013
1955.9630324685065,1952.8160735323586
1895.4970940327269,237.61459290905657
798.3026540459338,2062.869433586764
2082.018863772566,932.009057222001
2080.8656082012335,1932.536674348948
2076.376638447505,1993.4923316622467
799.1319240203436,1019.9089241124929
1899.5746288293797,1899.5392224426473
801.9637038272807,2050.2230623746173
1157.5098755811387,1027.190397653512
809.1893271805308,972.9334646824204
1160.8471014092179,1183.024983084655
1909.958052528815,1552.8855326715063
1978.4531764743451,862.1146118386567
1911.3228300362164,820.9205873456643
812.8558031652307,135.4031755144157
815.6594189435244,650.7372543517955
817.0095160844717,1006.3688173349524
820.5338241948419,819.3940974693005
819.9796102860946,851.7552571846601
824.8526204624612,2061.433841675489
1913.695215295596,2076.5962129111413
1916.2134676437727,1000.7099314450929
1577.0063244941873,2090.0745958227617
1578.139370083149,1577.8172278935872
1580.6686673839122,978.9180443624174
1578.0733788068155,1985.3719494438444
1574.1382104815573,1180.828480844135
1576.8580703332948,464.5043162498946
1579.0448052496502,890.6780377280795
828.3334266014472,2057.125968942285
1916.5363448688238,2106.3246819714595
1917.8529988675612,1027.297852492606
1916.8388245693886,938.9794129101923
1918.7771969110038,1553.0118391055905
830.8526966277603,1945.2997597097362
832.3472494137334,1326.136366015308
1925.3331115022895,234.48514753060843
832.0620043113598,1981.0675515371543
834.9104397903574,1371.4084937470332
835.9107762155837,875.8968079149474
834.5400595595763,866.997079261432
835.0617677229725,918.2102396395821
835.2516923081603,840.1777451626039
837.272446990363,978.3081249473091
839.1279064333648,907.88176807582
1929.1970114074077,2014.529304144949
1930.945614381924,1383.8983760332933
1927.5716445215849,1995.000607690909
1927.905504783239,1535.1079161726848
842.0711412733968,942.1612429858327
841.4291371851223,975.8346488918677
840.7374811877762,1306.6959671228494
1933.5607656051445,1534.5834611233245
1936.7303746493208,651.0189261559973
1944.7705170666088,291.7375758106513
1943.6973399639526,1022.0488029166796
1945.428817704447,354.7794352832443
848.5076415150139,1005.9285200487731
1948.9779689412458,2000.6640243286704
851.2015844291602,650.3526541759815
853.0189642275085,986.4319146699122
855.4258940880344,650.1047926983141
1949.4241419985328,1981.6339561041527
1950.7993707946976,1369.8461525634439
273.73267637735364,2006.7577698149796
859.3581412729039,1361.7831860737542
861.8011387352738,1360.5717728800357
865.7159708679926,1221.7489511244626
869.8756630411971,2100.3923867096314
870.967368521374,1942.0838848010224
2086.759489704804,1999.6091268573246
1949.731852187114,883.5328699217398
1954.592323854344,1016.7778513633073
1954.4609575648426,1980.7575843322697
873.2012961133195,969.773400265673
875.054966038864,918.8441549806357
1956.1148554473832,880.8531855230797
1954.7313360273813,2095.235858701051
877.5332170524824,876.6072233346907
1220.0010495905403,2004.9269900859622
1964.0609215666882,1004.7094269217777
1960.2976909804881,1899.4142092566135
1221.3541499937571,902.9965075571764
1361.0454801807523,2013.0151915775305
881.7442682438967,1366.7765928792955
880.3962028733001,971.5469518805919
881.6143515783999,2056.5211375021213
881.5244281337173,891.696287124488
882.008775245439,2095.715641129983
1517.0907188445399,982.0555909590071
1513.5583891042936,951.2475405714101
1562.807525913331,1717.4581778273375
884.3623773396345,967.4942779262932
886.3927868588836,2054.1327884807097
1716.8556726231568,1915.814099025265
1963.4949123981658,1965.338151984325
1964.4005527811153,1978.0020714825139
2080.0167749692705,2033.1265397318705
2083.2399628345047,1928.1450295126433
1970.8990638720165,1002.838865239194
889.3247097883852,2104.954210711647
890.3001469880522,2026.0875551230708
1172.2647474640391,2037.0352406159238
1970.4375778330664,951.1844847473261
891.6164008197585,2051.9267793412396
265.3633122644393,1001.8806622378451
894.3408865154361,1384.430842224094
896.132360720725,2016.7864770967535
1362.2132950875673,905.5859296430463
295.25407199467776,1981.0939064073123
605.772125484536,602.5546566507535
905.5482403723678,2053.437191073274
904.8161891914483,945.3975908136307
904.4035779492872,2073.322147486025
907.4247277722809,2051.7075760905036
907.6871458661573,957.35146392693
908.0774461799674,949.314160997177
1979.6465628597077,2021.221295249469
1729.9356611598378,1729.929935474765
919.5070762857742,970.38387873578
1995.5371815884544,929.8488176997427
1994.773651192428,1736.3602091341131
1995.3213418112434,902.0437701665342
1995.4834515728548,2100.35038528408
1886.0426004275612,649.4557737345071
2000.6483533641724,967.0146997288281
924.1532392709229,995.2133961510967
2100.321237904218,971.4640568023685
929.8487862251884,128.9230199192763
1735.4722160492802,129.96442206589575
2010.5493078721365,986.8856493809296
2009.530058772322,2017.8370854466893
2009.6184855763756,1005.5208339573236
2017.0509936532853,1021.2249947755754
2018.1727620977963,1014.7479489289442
939.5667910041255,1551.7855558541632
2020.5814084059725,2022.4912070418734
946.9925220737024,957.8214137738858
2025.1539668656012,1189.7277052259626
953.8018387882024,2043.0639977412718
2032.3525024251492,2033.0880239628036
2035.1881481602454,2034.9983851476434
2035.9620916881672,985.3945438989512
585.8320081139012,2042.8435692480634
584.8763844968677,1003.65296485804
1924.8038602906272,2061.04542350965
1182.50532645958,1026.721006815119
1182.5489814290192,979.9902585169026
2040.1741280895972,2075.7703374104804
962.2554093019947,958.5104501658824
2042.2695869579213,994.145697176413
967.6001047784875,999.9166453670557
970.6422895972235,1008.2458248798616
409.1604922531444,2101.116498315421
899.8883555884405,1562.930315083574
2054.539825411674,993.3689439745724
1993.940900538399,1991.3656192544986
649.9988197365027,648.9651609600614
984.5830069227068,1718.8296107352444
2067.7224021310803,2064.9081854043916
2066.1695774225573,1752.7657246704562
2077.3422476788787,1000.7868256817396
1002.817151632415,998.983221559492
1003.8816885357685,1003.3826551909539
1792.107500433852,1939.4439132910643
354.962672582564,1022.2555494647287
1348.1618557347877,1941.8119095709183
680.7826216598569,1305.8305097079563
1541.4729306539348,1318.866495661557
334.7665963236314,352.82825766836044
693.3245398939703,1791.3526615786398
1601.9790293848828,1827.693857970948
1280.4695337931287,253.7660085510373
1585.2229163877182,478.17170911758046
1730.0895826510007,263.231317392093
1951.2215351616337,1245.8506412542747
1003.2609148284251,1135.245223408639
990.8187736692367,242.31208147354397
1598.091046449039,770.4964788185624
853.9842420490785,1325.90123690871
207.81851987929713,365.0074624988236
33.75434964664026,145.13031225681735
1156.8732245905446,251.31518898180465
1775.1999216033325,1441.554341845833
1766.5901286499504,531.8082829444772
414.8904323653535,1236.1814607110007
1728.4596609414998,265.4260594292263
987.0296479213966,1463.2249775490188
164.9981341128475,1985.729525047672
1094.4992946507057,2044.9896140029969
1263.7212928648735,5.204336429466869
500.894197218586,1761.7810746327038
1931.7634240439586,1703.1633610117494
1206.4725800440033,1924.197217329512
1945.5609517556895,531.8469001851597
50.41646712868668,660.3371033947644
1204.3261501140935,745.7619515683443
1814.6814210030338,1758.7412553980032
1569.6514714638572,1899.7657505219781
1098.8924992600607,2027.1583847144661
778.2803342412213,832.938825670041
52.3322433011817,294.6248375708814
438.85285417053376,302.0454006782434
1417.0716662724521,238.61584521726098
1496.4854832701722,624.8972096446832
275.8773811868115,954.7534106607515
1436.1863392822968,1356.8662302088194
311.4034663502206,503.4815134351056
646.5367656257124,618.6680822903616
391.31591849832324,1457.8237023894783
681.6869101203819,1392.6401906596452
205.75724407603144,1971.8236919692183
1954.5318253484234,1011.0221402772233
1649.819746726962,1954.2868165629109
1320.1572404053688,1520.651886827246
1501.7904580586996,1470.7311909146272
1072.0437945535878,1911.8716877340562
1141.5303945971339,1376.5234326292205
99.14291538545221,970.5331584582484
1103.043295666565,675.5676378209632
1425.9138214939992,1964.359991520836
1687.4946847670108,1794.8537313681238
754.2450112073712,1966.036987859548
1268.4392052623205,1257.5958801571621
1790.3614014030347,743.7411007026838
114.32364930810094,1724.851232099921
1303.8849102931515,1540.7753367940338
1465.575951214494,458.8555327924231
1315.4548391057995,930.3727909618359
684.6995867786701,596.8408877141777
1447.710244234569,1861.009320106438
1565.8187468080275,1494.7570268905422
456.55784264968804,1304.737744632119
1129.871127820043,717.9414428767553
1818.7881304860455,1896.7089670580622
493.6956200578789,943.8969145914607
74.97169334343276,1558.695675744333
216.42014055291958,1004.310660747346
2056.1177552472586,1582.0943010683109
885.2653701199356,1481.2945383911936
596.8451987519104,1975.2003049469681
1329.0552556850466,981.2914319402779
1083.709146137271,217.5392434035086
1582.0613880019885,1856.1079301727011
1732.9678408411228,1872.8557363066705
675.9624322379776,1015.3429452733579
1397.9512890057633,2008.5157691088277
